Name,Address,Email,Phone Number,Social Security Number,Date of Birth,Age,Username,Password,Lorem Ipsum Text,Sentence,Paragraph,Random Integer,Random Float,Random Percentage,Random Date,Random Time,Random Datetime,Timezone,URL,Domain Name,IPv4 Address,IPv6 Address,User Agent,MAC Address,Company Name,Job Title,Credit Card Number,Credit Card Expiration Date,Credit Card Security Code,Latitude,Longitude,Color Name,Hex Color,File Name,File Extension,Boolean Value,UUID,Language,Country,Currency
Bruce Stewart,"800 Fletcher Gardens
Thompsonton, AR 95397",wwyatt@example.org,001-686-837-4305x72756,769-81-5993,1947-03-14,46,martindaniel,!9%WCl3E,"Able ever house investment. Others upon million agent likely like large. Manage send newspaper bit.
Understand pattern this official tonight save put. Help least do scientist.",Buy character treatment later new physical organization.,Book yard model political should rise say. Character produce reality will court. Full well almost police keep.,7763,17,10,1997-03-25,14:08:41,1982-11-11 18:54:44,America/Guatemala,https://www.bailey.com/,lutz.org,99.52.210.232,8d53:8451:d801:57f4:728d:4951:4fac:8e6e,"Mozilla/5.0 (X11; Linux i686) AppleWebKit/531.2 (KHTML, like Gecko) Chrome/26.0.895.0 Safari/531.2",5c:a1:f3:7b:2f:cc,Love-Cox,Herbalist,30547722895160,01/30,900,41.174817,133.039131,DarkSlateBlue,#6bc587,no.mp3,xls,False,23b17b1a-c375-4b5b-9643-1d56cb061e91,sw,Russian Federation,Netherlands Antillean guilder
Alexandra Thompson,"70979 Leach Road
Raymondland, DE 83917",susan55@example.net,+1-378-974-8943x346,135-05-7953,1964-04-08,51,alejandro48,&UW8fbLu,Attorney art suddenly upon once section better. Human place staff finish ever local. Player city art happy fact guess war.,Administration require could local my begin nor.,Hundred defense his baby fill table. Represent door girl fund.,4504,66,10,1976-07-25,21:12:13,1983-03-29 12:30:19,Asia/Dili,http://www.harris.biz/,hernandez-payne.biz,158.254.212.196,72aa:e008:2242:5023:8c49:c271:431c:d82d,Mozilla/5.0 (X11; Linux i686; rv:1.9.6.20) Gecko/9578-04-11 22:55:19 Firefox/3.8,b8:69:25:32:cb:d4,Juarez-Palmer,Logistics and distribution manager,4188121141227610941,01/34,866,30.7939815,12.927541,GoldenRod,#495a2e,newspaper.flac,html,False,3e570549-1a15-4373-aeb5-c11716500672,wae,Haiti,Armenian dram
Alisha Grant,"7594 Crystal Plaza Apt. 212
Lake Elizabeth, IN 35752",hardychris@example.net,+1-528-730-0922x177,523-05-8902,2003-08-25,54,abigailrobbins,t&e58Bfn,Fight fire control source child. Camera free appear suggest college building account. Recently state blue bill watch.,South sort space bank nearly fire decide.,Information language big car yourself only state by. Fall section probably maintain most time most summer. Forward big value speak him for.,22,69,30,1975-08-06,07:28:01,2008-01-19 14:39:57,Africa/Luanda,https://lopez-ramirez.com/,hayden-santos.com,195.160.129.37,aba3:e865:9e3f:9ad1:ce4a:fb81:1dde:8104,"Mozilla/5.0 (Linux; Android 2.2.3) AppleWebKit/531.1 (KHTML, like Gecko) Chrome/56.0.863.0 Safari/531.1",28:81:e1:39:74:49,"Gamble, Mejia and Jones","Designer, multimedia",6563421165303425,07/25,039,18.913117,-158.235205,BlanchedAlmond,#482b62,yet.wav,js,False,6d3780e2-4cf7-4134-b1b1-4d0f68ebf44c,gez,Monaco,Bahraini dinar
John Fisher,"0576 Amber Club Apt. 435
West Sean, PA 87415",joyceroberto@example.com,001-652-562-5360,463-74-7012,1949-06-01,58,blankenshiptanner,4%j!9Ir4,Anything walk television. Guess bring too remember radio article office ever. Behind great score nation customer.,Environment of election behind relationship.,Along necessary administration party end protect then. Explain family education admit sure water from.,6259,37,30,1982-11-05,13:08:24,1975-10-17 05:24:21,Pacific/Fiji,https://www.hall.biz/,henson.com,50.169.195.134,8039:cf5d:6a5d:7370:63a8:b1ad:9cf8:a25d,Mozilla/5.0 (Macintosh; U; PPC Mac OS X 10_6_3; rv:1.9.3.20) Gecko/2499-01-31 20:37:06 Firefox/3.8,22:3f:a3:ce:e0:03,Benitez Inc,Web designer,180008365700256,09/24,212,-53.460032,-24.755793,Purple,#bae29b,model.avi,jpg,True,da732e3e-1884-4b56-81ae-a1438b5636cf,se,Iceland,Icelandic króna
Amanda Martinez,"77360 Nelson Meadow
Melissaview, KS 42349",jacquelinecarroll@example.com,+1-853-320-1158x0339,025-90-9820,1998-03-19,37,cynthia78,o4D+2V^e,Current contain site executive star. Student whether ask meeting may everything design. Affect marriage physical huge simply decade.,It natural themselves stay wear.,Suggest skin per provide pressure ok debate onto. Able Republican property rest sound choose son.,5136,90,20,2005-12-28,16:38:09,2022-10-01 00:51:24,Europe/Helsinki,https://www.ball.com/,smith-sanders.info,46.192.152.54,e97a:25c:1ffb:39e6:f4be:90e0:995e:79ad,"Mozilla/5.0 (X11; Linux x86_64) AppleWebKit/535.2 (KHTML, like Gecko) Chrome/32.0.852.0 Safari/535.2",3e:13:a6:12:5f:88,Garcia-Rose,Actor,4425125680384,02/25,257,81.0958655,-88.145827,Khaki,#475528,nation.pdf,avi,True,844a79b8-434e-43e4-a717-5e8b38ece3e1,nso,Tuvalu,Tuvaluan dollar
Brandon Murphy,"90003 Justin Gardens
Ruizview, MN 41053",nsmith@example.org,+1-797-850-2534,019-42-8190,1991-04-13,88,thughes,hdn*x9Fz,"Behavior about husband. Relationship throw lead identify student benefit across language.
Century evening establish in conference. Race reveal art poor realize.",Nation every would.,Reason prevent quite field any. Section ready structure field show then.,4787,41,30,1985-01-06,07:14:25,2023-01-19 03:30:43,America/Managua,https://www.bryant.net/,anderson-griffin.com,160.75.231.103,6565:f74b:d42d:2151:e5f6:61cb:d6a5:5e2a,Mozilla/5.0 (compatible; MSIE 5.0; Windows NT 10.0; Trident/4.1),7e:58:bb:e8:23:75,Chambers-Clark,Environmental manager,3535263631719574,05/33,524,29.4670935,-141.050683,DarkSlateBlue,#49631e,just.mp3,xlsx,False,20e04a7e-e4dd-4e03-8277-3bafdec31462,yi,Nigeria,Honduran lempira
Diana Griffin,"477 Diaz Shore Apt. 544
South Reginamouth, MO 46586",loganweber@example.net,6225206832,341-16-0523,2003-05-08,58,matthew74,@S5OWD3r,"Spring look modern. Stock wall executive manage. Meet will agree medical site customer become.
Dog leave just history. Reflect edge tend determine throw.",Painting reflect police save beautiful.,Up citizen modern career pay great board. Already focus per close. Result later lot try heart we. Face cost theory film.,2957,31,20,2006-07-03,14:12:50,2019-05-13 02:00:32,Africa/Sao_Tome,https://www.davis.com/,beck.biz,203.158.198.80,de6e:2201:1496:5103:b624:ca20:e6ad:2fbf,Mozilla/5.0 (compatible; MSIE 5.0; Windows 98; Win 9x 4.90; Trident/5.0),12:e8:7e:6f:9f:36,Castillo and Sons,"Nurse, mental health",6511422615558223,04/31,355,47.0244095,137.771432,LightGreen,#b25592,TV.json,js,False,014a6427-7805-4420-8386-052831cf0c18,es,Angola,Argentine peso
Michele Wise,"904 Jessica Key
Janetville, KY 58156",mercedesmorris@example.org,374.482.7245,093-68-1219,1965-10-10,44,jessica30,*#KD9B(x,"Affect last agree each. Two vote various feeling nature yes. Bit create where.
Administration pay sport speak draw law wonder. My traditional mouth perform.",Its friend leave her hear citizen third.,Try imagine build. Society appear prevent heavy. Center customer however why participant federal customer way. Main voice indicate.,3099,40,20,1970-03-27,22:02:00,2001-01-17 19:42:32,Pacific/Efate,https://www.stephens.com/,martin.org,85.152.255.219,2370:af24:998:da25:f0bd:3421:fe3:611d,Mozilla/5.0 (compatible; MSIE 5.0; Windows NT 6.2; Trident/5.0),4e:99:ef:ba:6e:fe,"Guzman, Martin and Meyer",Water engineer,4998350946474520,01/34,573,81.7722165,165.506734,DarkSalmon,#086653,someone.bmp,gif,False,ad321caf-74a8-4d50-848c-81eddbdc3a76,ja,Chad,Singapore dollar
Keith Brown,"2218 Rogers Tunnel Suite 494
Ortegafurt, AZ 74931",zhenry@example.net,790-527-3387x926,356-45-6966,1980-10-15,88,williamsmatthew,@2DAi8iT,Memory evidence special kind present. Top keep push answer do most. Produce poor speak at really rather such.,Party source beautiful claim management business take who.,Commercial stuff adult old. Country discover analysis sort visit around.,450,8,10,1984-07-26,20:25:01,2007-12-24 08:30:08,America/Guyana,http://www.garrett-thompson.com/,jones.com,115.89.58.160,dbe:3d32:1439:ac3b:b782:8f7a:c35b:8d94,"Mozilla/5.0 (iPod; U; CPU iPhone OS 3_2 like Mac OS X; en-US) AppleWebKit/534.32.4 (KHTML, like Gecko) Version/3.0.5 Mobile/8B117 Safari/6534.32.4",58:71:0e:73:a8:2c,Warren-Fleming,Wellsite geologist,2381213585925666,03/30,439,-36.3799275,-55.783580,WhiteSmoke,#70eba8,respond.bmp,webm,True,e469c43d-7493-46cc-86f9-2d32590da1d3,pa,Norway,Seychellois rupee
Kaitlyn Petty,"6558 Webster View
Lake Travis, CA 35644",staceyberger@example.com,(715)471-0494,026-90-4359,1966-05-03,47,melanieyoung,+j6Mz5GI,Body anything image go return. None side perhaps both plan light. No vote agency cost shake occur represent. Capital practice bit several particularly bad world.,Relationship later cut speech break foreign rule.,Though weight tell year work. Imagine plant read. Both TV good door allow ahead huge.,4164,33,40,2003-06-06,20:01:36,2017-03-28 21:53:34,Atlantic/Reykjavik,https://robinson-hinton.com/,green-pratt.com,39.180.124.48,2ea0:260a:62d9:b9a4:5ea6:cff7:7123:b505,Mozilla/5.0 (compatible; MSIE 5.0; Windows NT 6.2; Trident/4.1),e2:d7:90:97:54:c3,"Campos, Sims and White",Chartered accountant,3575154336912310,09/28,834,-64.6689485,146.799790,RoyalBlue,#295a64,community.csv,flac,False,78e6d4d8-410f-400c-8abe-e9c07070c8f2,br,French Guiana,Ukrainian hryvnia
Richard Mitchell,"3434 Schmidt Track Apt. 260
Ambertown, OK 87311",nwilliams@example.org,(620)730-7039x73706,274-70-6756,1940-08-23,81,pamela98,*N&3VXtU,Possible trial manager way million little. Because before type now author. Section behind general take woman.,While whether little character.,Group stuff attorney end poor make career. Pm across especially home.,7385,1,20,2014-08-13,00:04:03,2021-03-15 16:22:31,Africa/Tripoli,https://eaton.com/,gillespie.com,185.14.131.182,3e00:2bd0:8e2e:1f32:b0f5:62a5:6705:7459,"Mozilla/5.0 (iPod; U; CPU iPhone OS 4_1 like Mac OS X; crh-UA) AppleWebKit/532.44.5 (KHTML, like Gecko) Version/3.0.5 Mobile/8B116 Safari/6532.44.5",b2:04:56:5e:f0:69,Gutierrez PLC,Financial adviser,4053764528836942160,04/32,903,-36.415928,-149.247043,DarkSeaGreen,#6c6e40,suffer.ods,wav,False,81b25cab-d20d-4ece-96bd-3ed30c7e9654,doi,Azerbaijan,Saint Helena pound
Steven Smith,"3589 William Circle
Lake Christopher, VA 99014",ismith@example.net,758.932.0216x80192,373-56-7604,1983-07-31,77,daniel13,@f1$(qWv,"On should letter child. War laugh goal expect machine society. Never first history well pressure pull number.
Actually book thank event. Summer ready oil increase black task.",Class vote section likely down fine.,Item subject public detail possible you camera. Shake system thus suddenly tree. Training involve heart responsibility experience catch.,7448,7,10,2003-11-08,18:32:15,1997-08-17 19:10:34,Africa/Tripoli,http://reyes.biz/,alvarado.com,172.209.225.120,ce9:1ab1:c2f3:1eb:cb49:3c17:d106:d864,Opera/8.65.(X11; Linux x86_64; da-DK) Presto/2.9.181 Version/12.00,2e:f3:a6:96:65:77,Collins LLC,"Secretary, company",5419836674430971,05/30,085,-14.7486645,-36.662237,Plum,#c8f678,mouth.ods,js,True,ef84dced-bde6-4c94-b218-0f22583d4877,ia,Algeria,Eritrean nakfa
Kimberly Coleman,"73320 Andrea Rapids Apt. 695
North Matthewstad, SD 24515",ashley74@example.net,(899)476-1448,228-62-0296,1978-08-25,61,kathy99,tO+2&YSk,"Never listen election fact eight treat artist. Friend life value city three teacher.
Unit yard positive meeting someone land. Today present her lose.",Lose her beautiful.,Check also friend less. Various against marriage rich consider task speech.,4419,97,50,1996-05-07,07:48:33,1993-09-23 21:27:55,Africa/Maputo,https://cox.com/,rocha.com,189.25.175.87,83cf:115e:9818:5438:7de1:dfe5:377f:8366,Mozilla/5.0 (compatible; MSIE 6.0; Windows NT 5.1; Trident/3.0),a2:cf:b9:20:eb:3f,Rivers-Rubio,Herbalist,4555218134401826,10/30,389,-20.516179,-63.487096,SandyBrown,#77ade1,matter.tiff,csv,True,c020039a-ee3c-4d24-9d60-1afd1cf94dda,ks,Uganda,Singapore dollar
William Sheppard,"90211 John Causeway
Feliciamouth, VI 68538",sandra59@example.org,221-822-3360,539-17-4911,1969-12-20,89,ywhite,l$7H27ip,Soldier medical though pass minute. Quality program yeah interview term degree single. Check important its me local care.,Leg effect almost western race while foreign.,Field family hour than meeting pretty news. Magazine only listen movement computer owner to significant. Meet glass them president move.,911,28,10,2012-01-16,12:02:05,2001-04-03 05:06:31,Asia/Singapore,http://livingston.com/,clark.biz,197.203.85.170,6c44:b8ea:9981:cf19:7fb1:eaa8:5149:f3cc,Mozilla/5.0 (Macintosh; Intel Mac OS X 10_5_0; rv:1.9.5.20) Gecko/5498-03-10 16:12:16 Firefox/3.8,18:6d:95:b2:71:59,"Thomas, Moore and Howell",Counsellor,6550599229962842,10/33,549,44.7732385,168.965891,Chocolate,#6fa61a,various.mp3,gif,False,5ab97ecb-d2b4-4fe6-ac0e-0c8ef4eed2d2,tt,Senegal,Eastern Caribbean dollar
Sarah Mcconnell,"29527 Holmes Cliff Apt. 581
Mackenzietown, NE 47125",sheila27@example.net,8696582351,158-74-9995,2004-04-30,53,cynthiajackson,8G*6)Wl$,"Fish turn Congress. No response election affect.
When let business inside fear task. Thought capital time official senior rich public.
Evidence treatment sort.",Staff drop compare score into style enter certainly.,Let body open sport free. Government employee age design real from. This I impact treat military billion maintain.,2047,51,40,2016-02-13,04:48:08,1989-09-01 17:38:47,America/Montevideo,http://www.acosta.com/,gardner.com,8.78.147.250,d73d:95c:fa34:f3ec:bb33:a44d:1d34:a0ab,"Mozilla/5.0 (Windows CE) AppleWebKit/532.2 (KHTML, like Gecko) Chrome/62.0.887.0 Safari/532.2",50:07:ab:a6:62:b9,Camacho Group,Careers adviser,4811365386037004,08/28,375,-19.0515565,12.812259,LavenderBlush,#19d0be,low.webm,flac,False,fee0668b-3a7f-4c0f-9189-dbe9f83dd241,wo,United Arab Emirates,Ugandan shilling
Jennifer Jackson,"93885 Ritter Pass
Stewartfort, AL 98897",xrios@example.com,+1-799-862-7215x9348,521-83-6623,1949-11-22,58,morandaniel,#0@Gj*(n,"Health despite risk glass. Purpose though few phone produce least. Without born financial down despite family.
Your computer project sell question still. Operation my appear argue standard figure.",Bar ground however either student do worry.,Fall goal protect sell federal clear. New each far imagine impact glass thousand.,3136,72,40,2022-08-02,16:32:53,1984-03-12 02:03:50,Pacific/Guadalcanal,https://aguilar.com/,bailey-miles.com,209.6.7.134,148:3f05:9a91:d265:a3a9:e4ef:326a:a19d,Mozilla/5.0 (Windows CE; bg-BG; rv:1.9.0.20) Gecko/2510-05-29 04:25:19 Firefox/5.0,74:6f:8b:59:93:5a,"Hall, Compton and Herrera",Osteopath,3537800164853367,07/26,591,-46.9971525,75.995794,Navy,#bd21f5,keep.avi,csv,False,53a7f393-d2ec-4a3b-9b8e-ab7bb6807382,aa,China,Swazi lilangeni
Cynthia James,"68500 Ortiz Estate Apt. 669
Port Theresaberg, WY 34141",meyersbrenda@example.org,8149515310,688-97-3332,1986-07-03,77,greggturner,%NcSP4Jq,Possible clear arm child season oil. Letter game we food maintain expect involve. Attention impact explain positive people person teach today. One more market consider offer.,Simple arm card improve production child stage.,Miss others teach seem human raise lead trip. Well almost better health religious.,6385,41,40,1995-10-05,21:17:27,1991-11-12 15:21:16,Pacific/Apia,http://www.smith.biz/,martin.biz,201.81.79.75,aa9a:b2a1:8c30:aee2:76e2:4eed:f4f5:4bc7,"Mozilla/5.0 (iPod; U; CPU iPhone OS 3_0 like Mac OS X; fr-FR) AppleWebKit/535.26.5 (KHTML, like Gecko) Version/4.0.5 Mobile/8B113 Safari/6535.26.5",14:3f:94:f2:9a:e1,Walters Ltd,Sports administrator,38239797577327,12/29,073,-64.599490,-73.342143,LightSteelBlue,#7b7134,market.mp3,wav,True,00bf7002-4294-42f6-b985-5b2ec3eea558,hne,Monaco,Tunisian dinar
Trevor Robertson,"98422 Emily Parks Apt. 427
South Allisontown, MN 14411",trodriguez@example.net,3658114071,315-72-9567,1948-11-11,77,walkeromar,09+3HWbZ,"Food property go reach. Picture administration cause together.
Might spend few white majority walk really. Use away industry others decade.",Budget material send someone.,Describe by blue owner toward garden ago detail. Likely age ground car. Everybody imagine war catch loss in quickly.,9363,41,40,2022-01-01,05:42:16,2019-06-07 01:26:44,Europe/Bratislava,https://ramirez.info/,bentley-klein.com,144.202.16.160,b95e:9d44:1329:44ed:aeb0:abb6:d078:5be2,Opera/8.65.(Windows NT 10.0; dz-BT) Presto/2.9.168 Version/10.00,26:9c:94:92:7b:19,Mueller LLC,Medical laboratory scientific officer,213136747255193,01/27,048,33.0462355,-55.502166,Cyan,#3d836a,into.avi,tiff,True,e1ebc6cb-cc81-4414-9f91-e5bd0adfc55c,mai,Belarus,Australian dollar
Eric Daniels,"37076 Perez Creek Suite 976
Matthewhaven, IA 14360",coreynelson@example.net,296-788-9284x4819,404-04-2971,1992-05-20,40,marcus28,T&4MDLoa,"Region operation pick chance near adult.
Benefit image major energy involve. Understand claim piece these individual skin never. Issue parent within hear color.",Several resource teacher center.,Minute for exactly.,5326,83,40,2004-08-20,06:45:33,1985-01-12 04:10:41,Europe/Minsk,https://www.montgomery-dougherty.com/,fleming.com,66.53.216.226,9c05:8a98:7862:cf0c:e92:b420:5fa3:2a62,Opera/8.42.(Windows NT 6.1; ne-NP) Presto/2.9.167 Version/10.00,b8:43:c4:95:fa:52,"Perez, Rogers and Walker","Psychologist, sport and exercise",639050027080,09/26,303,-70.478903,163.565944,MediumVioletRed,#c4176c,find.csv,avi,True,bbc79b48-cf0a-4f40-9e85-0eea62cea203,the,Sao Tome and Principe,Polish zloty
Jonathan Jones,"32605 Ellis Brook
West Julia, MO 47219",parksjames@example.org,265-630-6609x27368,886-92-8024,1965-06-01,71,gmcbride,Jr#4Dvsa,Certain court scene if figure return local learn. Affect add less trouble eight option culture simple. Director team show off.,School question hit.,Old finish country from right team start. Walk lawyer see successful home. Building especially century hard economy information close. Half adult place television enter religious government.,900,27,50,2022-08-04,07:37:29,1991-01-03 11:50:56,America/Nome,https://house-ford.com/,johnson-roth.com,158.209.0.71,8931:8fb2:f823:b573:4cc6:c7:f677:1e97,Mozilla/5.0 (Macintosh; Intel Mac OS X 10_11_9; rv:1.9.4.20) Gecko/6628-09-10 07:40:26 Firefox/3.8,02:b8:92:33:22:22,Bowman-Mathis,Landscape architect,3529323242928770,09/29,382,-9.628010,31.461007,MintCream,#9a3da5,build.wav,numbers,True,68e579c0-9261-4ce2-a644-6961356dc1d6,lij,Chile,Eritrean nakfa
Carol Sanchez,"74601 Angela Pines Apt. 679
North Julie, VI 96925",ssmith@example.com,266.520.0555,466-56-8451,1941-10-30,72,victor96,CU()2Xqd,"Risk might feel interest nor should late. Machine court section he international create. About listen measure.
Whether fine technology short about.",Speak traditional black human.,Three foot game whose lose bill state. Performance cup end day yet country also. Fight according history three piece history skill.,1273,64,40,2008-05-30,18:52:48,2011-04-16 11:58:13,Africa/Khartoum,https://www.barrett-hill.info/,webb-montgomery.com,72.143.96.252,6983:b08c:5ac:bd9:f3a4:ab92:bedc:2e2a,Mozilla/5.0 (compatible; MSIE 8.0; Windows NT 5.1; Trident/5.1),38:b9:94:2e:03:74,Miller LLC,"Editor, magazine features",4404186575817,08/30,732,57.768942,168.286655,Olive,#461c0e,send.numbers,flac,True,468db871-45e3-458e-8890-923ed7b4687e,ca,Angola,Tajikistani somoni
Gloria Ali,"57165 Randy Shores
Vaughnfort, KY 95585",daniel83@example.net,706.779.8315x006,002-49-2555,1940-09-11,79,hillbrandon,(8eJ%vi_,"Follow surface sing old. Local miss open produce. Likely admit five idea shoulder. Four body would.
Training sure continue begin. Head democratic debate expert response. To above open.",Quality appear machine very beyond.,Senior factor key animal toward room near. Especially since reason consider.,6989,79,30,1981-07-02,08:52:35,1993-05-08 01:25:48,America/St_Kitts,https://gilmore-lowery.net/,brennan.com,57.112.32.198,1940:1cc1:aa7:ebef:384c:460d:3638:44ba,Mozilla/5.0 (Windows NT 5.2; gd-GB; rv:1.9.0.20) Gecko/9634-07-09 11:22:01 Firefox/3.8,62:05:e5:a7:75:7a,Moore-Andrews,Garment/textile technologist,30388360507589,09/25,152,-55.830609,-31.847294,White,#b5f03a,apply.pdf,js,True,5e842b92-9b77-4e0f-a04e-5e27f8870ba9,bo,Bhutan,Euro
Donald Fisher,"9967 James Prairie Suite 180
Nelsonmouth, TN 34676",kayleepope@example.com,001-666-956-0481x56545,250-61-5228,1984-04-17,44,wallaceanna,$t9uCGac,We week political among sign while. Major town scientist music exactly seat. You truth size find third management class.,Resource main visit according down soon question.,Soon common price discover memory. Home so write somebody. Stay stop accept day.,8915,95,20,1977-12-18,06:12:47,1977-09-23 20:52:33,America/Jamaica,http://murphy.com/,hale-armstrong.com,88.169.68.72,2350:7dc0:5b38:4e0:8b43:425:68f4:776d,Opera/8.39.(Windows NT 10.0; hr-HR) Presto/2.9.165 Version/11.00,3c:ef:69:9c:37:4e,Mcintosh-Roman,Multimedia programmer,30064696009646,12/30,208,78.3476435,-50.753322,HoneyDew,#86a669,talk.tiff,json,False,1120f53f-189d-4d63-b337-7ce1f6d104af,mhr,Mali,Panamanian balboa
Joshua Nolan,"USNS Smith
FPO AA 29758",andrewlloyd@example.net,794-944-1766x66408,616-06-2260,1967-12-15,39,danieljacobson,&05QhD8e,"Face style prove part first from.
Star consumer Mr you yet wide including. Stuff just plant. Day change hot be stage three rest.",Management political bad huge rise.,Tend which do by imagine seek ahead. Republican prove light again different. Green political both wish for.,9377,0,40,2002-12-31,22:03:39,1984-09-11 08:41:20,Pacific/Nauru,http://collins.com/,peterson.com,170.7.163.96,3c5a:d984:ea08:bf04:5b1f:1549:c83d:aafa,Mozilla/5.0 (compatible; MSIE 9.0; Windows NT 5.2; Trident/5.1),d8:28:59:3f:80:44,"Chandler, Sparks and Woodward","Administrator, education",30010734074654,03/26,307,-33.373869,100.251979,OrangeRed,#f7c1c7,law.bmp,key,False,c18ba3a9-b1b5-4256-bb3f-628b5dace5da,as,Niue,Cayman Islands dollar
Sandra Fields,"019 Daniel Plains Suite 788
Torresmouth, OR 50681",kristendudley@example.org,653-279-9637x664,775-09-4129,1936-07-07,25,wendy47,LiC*1Vqh,"Project say news mother floor share week. Man ahead bit. Player paper discuss common return morning.
Buy put per almost. Challenge future four choose direction.",Area number when example along three.,Federal whatever occur. Land sign hotel water.,5845,19,10,1975-08-01,01:15:14,2001-04-15 22:00:59,Africa/Lusaka,https://brandt.com/,garcia.com,188.194.80.153,fbf1:8cd1:52d0:9424:a77f:f34f:b114:7b51,Opera/9.19.(Windows NT 5.0; lzh-TW) Presto/2.9.162 Version/11.00,9a:1e:c8:dc:3b:40,Wilson Ltd,Museum/gallery exhibitions officer,30078558146619,05/29,636,-1.698006,-53.093944,MediumPurple,#65b058,thousand.wav,wav,True,aabde086-2cd9-42aa-92e0-b56a92e634b7,se,South Africa,Hungarian forint
Daniel Andrade,"761 Best Common Suite 289
Richardside, ID 74257",lopezstacie@example.net,001-856-444-0983x41305,074-21-8032,1952-09-19,44,williamsnathan,O&qum6Er,"About attention with or left month. Forward hit population sound.
Party of image student. At matter affect others article read every. Difference usually technology face unit themselves.",Give focus particular option writer what.,Pick cup right girl soldier bill her pass. Memory coach source. Dog participant sister almost local close.,1434,3,10,2015-08-23,12:43:41,1973-11-21 12:33:29,Europe/Amsterdam,https://lee.info/,russell.com,37.153.255.243,9c2d:a6f9:dfaa:a86f:21fb:ddf:5c0:543a,"Mozilla/5.0 (X11; Linux i686) AppleWebKit/532.0 (KHTML, like Gecko) Chrome/31.0.859.0 Safari/532.0",72:d5:14:06:ed:a9,Pineda-Maldonado,Haematologist,4144159699066174,11/32,903,-74.5119015,-35.089386,OrangeRed,#04ea3d,although.pptx,odp,False,0d3932ad-4f4a-4bac-97c8-f4c927c70c27,bo,Bahrain,Honduran lempira
Jeffery Webb,"47225 David Greens
New Brandonchester, MD 10373",jonathansmith@example.com,962.247.6782x67620,572-72-6039,1978-04-30,86,carterchristian,9+RA3Z4d,"These will end run guy street staff. Spring cost identify she series low back.
Today sea even rate job them contain view. Unit process final pass.",Whole professor middle crime total.,Science audience myself new first dark tax. Energy drive just successful field necessary civil particularly.,8426,61,40,2004-09-17,09:03:04,2007-01-21 21:19:48,Asia/Manila,https://skinner-collins.com/,cummings-terry.net,19.25.113.100,ef9e:5472:cd4e:1f62:9c43:40dd:dba9:c190,"Mozilla/5.0 (iPad; CPU iPad OS 9_3_5 like Mac OS X) AppleWebKit/534.2 (KHTML, like Gecko) CriOS/50.0.857.0 Mobile/70N432 Safari/534.2",36:74:cb:e4:73:d0,Griffin Group,"Therapist, music",4442573727312290005,05/33,527,39.0241875,110.334144,Azure,#d2ee19,play.webm,pages,True,67b31c6c-2f39-49ef-8476-5486b1c829ef,hi,Panama,North Korean won
Bethany Baker,"84619 Chambers Spring Suite 627
North Barry, AK 98807",matthew35@example.com,+1-680-414-2210x51630,642-62-1685,1944-02-22,59,jeanetteramirez,Ss*c3Pob,House safe successful away when. Window surface message matter main professional response though.,Hit professional drive vote move situation development.,Life middle heart make product. Include hand which beyond.,7083,29,30,1986-09-01,09:11:20,2015-11-29 21:55:55,Europe/Helsinki,http://long.biz/,ellis.com,7.233.187.194,7bb5:db28:71be:aed7:2e6b:6bf2:ff52:22fb,"Mozilla/5.0 (iPod; U; CPU iPhone OS 4_0 like Mac OS X; aa-DJ) AppleWebKit/534.48.1 (KHTML, like Gecko) Version/4.0.5 Mobile/8B115 Safari/6534.48.1",c4:11:4f:75:27:cb,"Hall, Griffin and Frazier","Designer, interior/spatial",3586998665331139,08/26,899,22.226934,-90.609716,Yellow,#46bc00,beyond.ods,mp3,False,a62448e9-eff7-43c1-9b3a-bcc626ab9152,sat,Timor-Leste,Euro
Samuel Williams,"0687 Burgess Roads
East Brittneyside, RI 44761",zwright@example.com,613-890-3833x0708,149-59-8011,1984-10-17,31,tvelez,G*DN3pAr,Worker visit memory team information. Something although teacher finally participant specific.,Bad strategy raise.,Inside itself identify hospital man eight peace.,5423,17,30,1977-09-23,10:25:53,2007-01-20 13:23:27,Africa/Asmera,http://sanchez.biz/,hill.net,98.102.195.77,23b0:c06a:2f0f:b5d5:f8e6:b97b:969a:920,Mozilla/5.0 (Macintosh; PPC Mac OS X 10_11_7; rv:1.9.6.20) Gecko/3621-09-22 08:01:08 Firefox/3.8,64:18:62:48:91:15,"Miller, Williams and Lewis","Engineer, materials",372116530027063,12/26,303,-64.0632525,-10.779919,DarkOliveGreen,#eeb8a0,meeting.txt,mp3,True,12980dfb-7d68-4d38-97b5-2c6bcee4eda9,crh,Georgia,Falkland Islands pound
Jenna Fernandez,"2861 Gilmore Extension Suite 335
Campbellfurt, WA 56306",scottshelia@example.net,(984)905-8055,762-07-2639,1948-02-14,32,stefanie71,nTa%3NhT,Piece rise language. Usually all cold person indeed authority. Type music behavior particularly again.,Outside along unit budget.,Option member ago even. Look there believe argue boy contain. Source off despite everyone exactly miss so guess.,1785,69,50,1989-09-04,00:16:05,2013-05-17 05:12:37,Pacific/Guadalcanal,http://beard.com/,kennedy.info,178.237.25.51,8435:4246:152c:c70b:58b8:be65:cbee:b13,"Mozilla/5.0 (iPod; U; CPU iPhone OS 4_1 like Mac OS X; mk-MK) AppleWebKit/533.1.5 (KHTML, like Gecko) Version/4.0.5 Mobile/8B112 Safari/6533.1.5",04:2c:62:a1:ac:1d,Prince-Garza,Actor,348427038457970,04/28,793,53.272171,68.740592,DarkOrchid,#b106c6,defense.odp,mp4,True,8a4838e6-2719-471a-baae-80251e702f55,uk,Central African Republic,Surinamese dollar
Beth Harris,"156 Townsend Mall
New Mandymouth, IA 85721",williamsonteresa@example.org,2244043484,875-97-5771,1943-02-10,39,kgarza,&0uHFgbq,Population time chair address rule either imagine. Someone international story PM. Imagine number himself care she data argue authority. Fight wait know also force trial.,Even indicate worry any medical near.,Interesting history official. Movement eat serve store once.,9948,80,30,2017-08-26,04:36:58,1996-10-27 01:11:39,Africa/Johannesburg,http://www.williams-rodriguez.net/,sanchez-allen.com,130.16.0.21,dec0:1095:4a50:412b:3bf5:6e6e:a311:760c,Mozilla/5.0 (compatible; MSIE 7.0; Windows 98; Trident/4.1),7c:92:3e:c3:09:75,Cervantes-Hayden,Professor Emeritus,4107902913190230963,04/28,729,-47.4807485,97.922783,WhiteSmoke,#a33d4d,behavior.odp,gif,False,cb864666-cbd1-497b-b350-7c80c49c0663,gl,Spain,Liberian dollar
Oscar Lee,"60171 Michael Lodge
Turnerbury, MT 20703",tarabowen@example.net,001-467-394-3647x337,514-22-7356,1946-09-25,36,kramirez,C)P890Bu,"Such thank central sit.
Between all quickly bit again nice. Available spring expert analysis responsibility degree. Let couple question.",Road practice election.,Keep remain behavior people. Church heart official simple service sign night.,5059,35,30,2006-09-27,02:31:35,1974-01-23 17:28:52,Africa/Abidjan,http://smith.com/,johnson.com,183.62.42.12,e559:ff91:d9c7:94b3:6995:e206:5a89:3ccb,Mozilla/5.0 (compatible; MSIE 6.0; Windows NT 4.0; Trident/3.1),ae:7b:65:bd:b4:3b,Gonzales Inc,Corporate treasurer,4887905011586427,01/30,1294,7.305474,-112.941837,DodgerBlue,#0bfc30,fund.js,mp3,False,3fc0f358-288d-4035-86ac-f119d45b48eb,yue,Philippines,Mauritian rupee
William Robertson,"2249 Cook Key
Theresahaven, VT 98314",chavezdonna@example.net,+1-678-329-9622x0138,681-37-6411,1945-01-21,67,davidarroyo,4(1rYjoh,"Structure whether amount consumer fill. These out even claim. Figure way really indeed easy.
Letter bit economic large their upon strong born.",Piece main admit his even create.,Sing middle she. Ago place all also. Entire across town early herself experience.,2008,10,50,2016-06-09,09:22:47,2001-05-16 23:18:16,Pacific/Chatham,http://rivera.com/,armstrong.com,152.140.182.80,f9c6:73d8:34ab:220c:62ac:db42:848d:c7c2,"Mozilla/5.0 (Macintosh; PPC Mac OS X 10_6_6 rv:5.0; bem-ZM) AppleWebKit/531.18.4 (KHTML, like Gecko) Version/5.1 Safari/531.18.4",32:6b:b0:f5:a6:ab,"Price, Lowery and Wagner",Structural engineer,3563103956859057,12/26,762,16.319719,110.321741,Aquamarine,#0049eb,radio.gif,avi,False,69e1901b-70cc-41ea-a060-f6bd475ea2b1,the,Nepal,Eritrean nakfa
Allison Dillon,"01000 Charles Mill
Matthewville, FM 32236",fcunningham@example.net,4898903238,083-21-3906,1972-02-24,21,johnwells,+4diDw2j,"Without laugh office. Enter order cut man want top.
Ready year cut authority attack phone open. Court ask ground ability.",Federal next film military less according.,Another ability property statement.,8127,66,10,2024-01-27,22:20:05,1979-12-08 22:46:48,America/St_Kitts,https://www.adams-brandt.net/,todd-elliott.com,194.92.250.218,6dc7:554e:43b:a00a:ebc5:e592:d8b9:982,Mozilla/5.0 (Windows NT 6.2; gl-ES; rv:1.9.0.20) Gecko/6710-04-03 05:11:11 Firefox/3.8,e6:5c:b3:5a:76:04,Rodriguez-Fisher,Research scientist (maths),3511630069598688,06/32,082,-33.946300,-161.352543,LightYellow,#72cf2a,simply.html,csv,True,b61d68a8-0b40-4b0b-b380-3be6a55f02bb,ms,Chile,CFP franc
Erika Whitehead,"9516 Sandra Spur Suite 334
Cameronhaven, RI 32644",josephferrell@example.com,(575)911-7910x5930,665-47-4206,1988-09-10,71,jfuentes,$s772^Tl,People story guess realize everything network list. Story send despite budget wear create central. Candidate civil value later. Area eye front agreement.,Fear if mouth state.,Clear simple notice land audience heart arm common. I there finish property bar. Skin write program generation first ago.,5910,29,10,2020-01-25,14:53:00,1994-12-04 20:05:25,Europe/Vienna,https://taylor.com/,smith.com,47.172.140.39,cc41:f947:8981:dbb9:a6b4:60d0:c8b5:33c7,Mozilla/5.0 (Android 7.0; Mobile; rv:14.0) Gecko/14.0 Firefox/14.0,1c:52:12:64:c8:9f,Villegas Group,Television camera operator,4960470110116,08/31,524,80.658943,-114.438004,LightCyan,#dfceec,network.wav,ppt,True,981070da-c6ab-41ef-a8b2-66e1b8b89ec5,kl,Portugal,Philippine peso
Jenna Wang,"8771 Johnson Glen
Melissatown, PR 56327",frivera@example.org,+1-663-925-4672x5911,865-51-9731,1980-10-16,68,donna26,_32AaYjO,"Something letter interest education interview cup. Eat seek star general every music always.
Discussion require set seek. Raise loss executive music so. Product item describe agreement.",Think it arrive respond claim who entire.,Speak too significant create next doctor. Real tend section sport discuss.,7726,68,40,1995-05-03,13:14:52,1997-05-17 09:26:10,Indian/Antananarivo,https://www.howard.com/,washington.com,160.33.28.234,b722:3c8f:762b:31b4:7c27:2d9c:2ff:a013,Opera/8.22.(Windows 95; yue-HK) Presto/2.9.188 Version/12.00,80:c5:f7:4d:df:8b,Scott Ltd,Firefighter,4385503431364,03/25,859,-25.750091,-127.042165,MintCream,#ea873d,thus.ppt,flac,True,6171a4ec-9ec8-4d59-b937-93c1dc6579c1,bhb,Guam,Saudi riyal
Veronica Scott,"442 English Inlet Suite 420
Lake Karenhaven, MA 81916",ccastillo@example.com,+1-780-775-8428x63172,798-84-0194,1979-01-28,64,summersnathaniel,8^G7Abpu,"Common Congress state image commercial thought art. Age billion sign high number effect table mention.
Thus hair sell expert letter while pass.
Responsibility deal particular draw vote decision once.",Student rich local herself statement crime dog.,Dark even international record magazine fish state often. Live later turn someone maybe whole.,4315,91,10,1980-03-15,17:50:58,2003-05-17 08:49:22,America/Guyana,https://www.medina.com/,mann.biz,110.243.23.89,8b67:e11a:cc8a:d48a:1b2a:aadd:1be:3ee,"Mozilla/5.0 (Macintosh; U; PPC Mac OS X 10_9_1) AppleWebKit/536.2 (KHTML, like Gecko) Chrome/27.0.815.0 Safari/536.2",9e:04:3b:02:93:14,"Collins, Alexander and Huang","Engineer, civil (contracting)",3512831519453032,09/30,169,55.830180,67.110920,Purple,#7f7b60,show.webm,webm,True,fbce9611-3a2e-4ba9-83b2-7d9642fe3283,de,North Macedonia,Renminbi
Charlotte Craig,"06785 Aaron Mount Apt. 878
Jessicaberg, OR 08379",anna69@example.net,748.959.4534,872-38-5042,1988-04-19,83,josephsmith,yb$*3qJv,"Support treat standard improve identify prevent. Miss step matter specific million only.
Our rock radio. Break start image list. Whose design beat camera.",Almost impact memory.,Join this social head able put. Performance evidence including maybe race institution. Our question six just his last bill.,8117,18,50,2005-02-02,10:43:26,1994-09-03 13:56:35,America/Grenada,http://www.mcdonald.com/,wong.net,70.113.228.37,a237:7eb1:e3dd:4d9d:52d5:842e:bdc8:8b3a,"Mozilla/5.0 (iPod; U; CPU iPhone OS 4_1 like Mac OS X; en-ZA) AppleWebKit/535.10.3 (KHTML, like Gecko) Version/3.0.5 Mobile/8B116 Safari/6535.10.3",24:4d:fd:99:71:60,Williams-Todd,Cytogeneticist,4982255977902125,09/33,427,-24.2474245,-113.246552,Red,#1703aa,reveal.ods,mp4,True,5ed83882-b7e5-4e06-bafc-1f3730f678fb,rw,Pitcairn Islands,Pound sterling
Jamie Estes,"PSC 9778, Box 9578
APO AA 59741",bradleysharon@example.org,521.465.1257,479-93-7397,2001-01-24,44,freymichael,^6koHJXt,"Few light especially sometimes it. Establish person information firm international.
Still wait quite nor send although attention. Culture fill role without a.",Huge brother about ok significant military season.,Produce seem him strategy group know. Successful close available fear his author property. Fight small south home choice put ball.,1326,93,30,1996-01-16,03:46:37,1997-09-03 18:44:51,America/Havana,http://www.davis.com/,rush.com,122.102.147.69,239d:5853:5ea5:784d:b1eb:e3cb:9a9f:28de,"Mozilla/5.0 (Windows 95) AppleWebKit/534.2 (KHTML, like Gecko) Chrome/63.0.846.0 Safari/534.2",e0:88:da:bb:e7:10,"Marks, Villanueva and Rodriguez",Science writer,4526275407898,09/26,511,-6.7359175,-94.965348,SpringGreen,#455144,bring.tiff,tiff,True,989de6a2-9424-4cfa-ac0b-d907ad52180c,hr,Cuba,Salvadoran colón
Tracey Smith,"4324 Christina Walks Suite 316
North Jeffrey, SD 52491",lisa04@example.com,797-786-6316x30314,532-71-2320,1972-11-07,22,lambjason,!*7GGQfy,Stay protect send property. Until go fight society democratic beat begin choice. Raise certain society knowledge public character describe.,Life yet energy former a certain.,Always institution serious word. Off several exist air thought do. Among control Republican well while professional hear.,923,28,50,2010-04-25,12:16:04,1991-03-16 08:53:31,Asia/Damascus,https://logan-smith.com/,johnson.net,128.75.66.147,a532:2520:4784:ddf5:7660:3e24:e7ab:1772,"Mozilla/5.0 (Windows NT 5.0) AppleWebKit/532.1 (KHTML, like Gecko) Chrome/13.0.888.0 Safari/532.1",90:3b:6f:f9:ce:67,Bradford-Allen,"Producer, radio",2297293850594119,11/32,635,77.450514,84.624452,Black,#149cc4,east.tiff,txt,True,51eb56a3-2d05-4d6c-a35f-2491921f1c0a,lo,Belgium,Brazilian real
Alexis Jones,"385 Torres Land
East Heather, MT 89948",mcdonaldmatthew@example.com,904-214-8724x37565,142-45-7868,1999-04-14,63,mwashington,%8nA!7Yi,"Indeed likely ready land. Black fear there last herself dog.
Would sense resource prove rate. Rule process Congress per total measure record that.",Meeting buy become shake a.,Pick vote company operation choose woman. Choice box answer know spend simple. Right show course add culture enter.,7884,15,20,2021-10-23,08:32:13,1994-03-13 18:55:32,Asia/Bishkek,http://www.hoffman.biz/,knight.net,214.126.220.192,2b29:557c:bac3:dc7d:c045:fdf7:e444:3182,Opera/9.41.(Windows NT 5.2; or-IN) Presto/2.9.179 Version/11.00,3e:49:bd:8b:ce:85,Thomas Inc,Youth worker,4139156050340534,09/26,638,77.4670975,-6.397952,MidnightBlue,#0e2b20,health.bmp,avi,False,84e98582-63b8-4377-83fb-a41424f84b82,nb,Czech Republic,Kuwaiti dinar
Brian Sims,"428 Russo Ports
Castillofort, HI 26290",joannedavis@example.net,(484)652-8244x2137,126-87-4654,1936-12-11,31,sharonpotter,^Ylq98Gc,"Focus spring television enter.
Natural leg attack manager dog. Doctor left understand hot defense have. Few determine commercial police.",Billion dark against bed rock size training.,End hour soon. Maybe staff control produce necessary since.,7454,12,10,2007-04-28,21:17:59,1970-11-29 09:27:33,Africa/Accra,http://www.garcia-hill.com/,davis.com,54.120.223.59,df27:dbb2:110c:51e:d4c1:33e8:eeaa:562b,Mozilla/5.0 (Macintosh; U; PPC Mac OS X 10_12_6; rv:1.9.2.20) Gecko/4298-06-05 19:14:10 Firefox/3.6.13,96:a8:f4:25:62:1b,Galvan Inc,Translator,4632117137986880074,10/28,7764,-64.324283,-136.766418,DarkGray,#deee06,tonight.avi,mov,False,7916cfef-9b05-4780-b825-623328db36b5,sv,Saint Vincent and the Grenadines,Cape Verdean escudo
Michael Allen,"7300 Samantha Turnpike
North Deborah, NH 48553",nhayes@example.org,+1-603-580-0514x6093,003-32-2340,1940-11-19,37,danielcarroll,P@5II^Wb,"Understand customer fall important. Student order trial.
Present rest fish task government. Son stock throughout draw the. Nor reality smile letter people outside rest indeed.",Interesting compare over white.,Necessary fine activity. Prepare Republican generation improve large feel. Sign central never visit.,8505,43,40,1971-01-20,23:28:42,1988-04-12 02:32:02,Africa/Gaborone,https://turner-saunders.com/,harrison.com,32.153.254.164,dab2:d3e0:bad2:303:cb51:d0eb:892a:ad74,Mozilla/5.0 (Macintosh; Intel Mac OS X 10_8_8; rv:1.9.6.20) Gecko/4693-06-27 19:15:54 Firefox/3.8,10:7f:23:bb:f6:68,Flores Inc,Archaeologist,213154128692090,06/27,270,81.655373,41.494649,Olive,#ca1c40,medical.doc,mov,False,af53b780-f53c-470b-841e-54e2ebf5385e,mk,Vietnam,Colombian peso
Lisa Wilson,"USCGC Powell
FPO AE 30654",vazquezbrittany@example.com,484-875-4796x9356,884-47-8664,1933-07-08,75,allenaaron,(1J1(SsS,Career street fact federal eat collection. Together campaign general approach clear election skin enjoy. Son mention read most evidence last. Fly put perhaps ever throughout firm soon significant.,Already owner drug course despite city.,Present break door state son. Add mean add.,3693,60,50,1985-01-13,18:35:35,1975-06-12 07:27:35,Europe/Tallinn,https://mckee.com/,underwood.com,148.206.16.158,7083:f792:ecdc:49d:3e2a:edb6:1444:8d9,"Mozilla/5.0 (iPad; CPU iPad OS 4_2_1 like Mac OS X) AppleWebKit/531.2 (KHTML, like Gecko) CriOS/26.0.836.0 Mobile/50X098 Safari/531.2",be:c4:fb:27:0a:05,"Hill, Williams and Hughes",Financial trader,3536666492796615,12/25,180,-66.286424,-134.424370,Brown,#fe636f,today.avi,flac,False,d27679c2-6cfd-4fe1-bee1-1d61b13b76cb,ka,Georgia,Saudi riyal
Allison Hall,"43283 Robert Fall
Sancheztown, UT 13113",jamiejohnson@example.com,973-677-1250x5084,589-01-4762,1952-07-28,61,tayloradams,@x3BgHuC,"Decide almost cut agency usually. Real might impact seat police newspaper.
Son begin prevent last deep oil sea. Wear adult seek science identify company dog pull.",Image need degree game particular ask popular talk.,Among best cultural go son. Cover side require begin prevent hot. Quality thing present.,9899,67,30,2013-02-22,15:28:57,2022-06-11 17:53:58,Asia/Tbilisi,https://poole.com/,ramirez-smith.com,121.45.241.159,d807:8cdf:75ac:3ae8:4be6:622d:73e4:5930,"Mozilla/5.0 (iPhone; CPU iPhone OS 14_2 like Mac OS X) AppleWebKit/532.0 (KHTML, like Gecko) FxiOS/11.4n5596.0 Mobile/00T942 Safari/532.0",38:12:1b:0a:5a:69,"Salazar, Scott and Cole","Teacher, special educational needs",349004164182240,02/34,665,82.382183,-94.784041,Cyan,#57acfa,end.gif,js,True,37aae0b3-6b61-4e21-b107-3649fa9140d2,szl,Madagascar,Swiss franc
Jackie Brown,"598 Mahoney Freeway
Spencerstad, PR 12835",karen08@example.net,(256)964-6789x432,843-40-6024,1969-03-01,25,tsullivan,(@%8RSUi,Professor matter something major financial. No tonight like ago moment walk I just. Serve foreign economy ago daughter. Girl space minute thought avoid room.,Check color market second fine series church.,Beat speech kitchen present pressure baby. Forward prevent cultural instead win card better.,7330,68,40,1995-12-16,05:11:34,2022-09-25 23:55:59,Africa/Tunis,https://www.meyers-montgomery.com/,guzman-olsen.com,77.66.63.20,cbd8:698d:1286:db7b:fc23:fcd:2718:319c,Mozilla/5.0 (compatible; MSIE 6.0; Windows NT 6.2; Trident/3.0),02:0c:f2:71:4b:73,"Franklin, Webster and Lynch","Engineer, chemical",6583505326769023,05/25,914,13.114675,-14.517483,DarkSalmon,#4b9819,drive.gif,mp3,False,4607645d-bfef-43f5-83aa-462f63eab7a7,tn,Belize,Aruban florin
Amy Mahoney,"863 Sutton Street
Lake Elizabeth, HI 40605",joseph24@example.net,001-390-600-3363,818-03-5540,1967-03-22,22,rachel07,%9FE_xk6,His realize one of. Individual peace ball performance represent. Her you it success three author.,Decade way others act our.,Old bed somebody age. Church decide continue fish well citizen show. War road level court laugh claim admit. Leader seem exist main eye plan.,763,74,40,2013-10-11,15:12:42,2003-05-08 16:52:50,Asia/Taipei,https://mclean.com/,morris-gomez.com,22.6.254.199,66ce:e4a:4c45:349f:b8c4:95d:58df:c1ec,Mozilla/5.0 (compatible; MSIE 7.0; Windows NT 5.0; Trident/4.0),fc:6c:53:74:f8:54,Wu-Smith,Soil scientist,6011950713433043,06/29,562,40.904847,155.912291,Violet,#961dc3,commercial.jpeg,jpg,True,aef23b0b-f3c1-481e-a18e-e01568ec7aeb,da,Belgium,Moroccan dirham
Thomas Garner,"70843 Aaron Crescent
South Joseph, TN 45151",doristorres@example.com,458-307-6001,193-76-5425,1961-09-12,64,vchan,0Be)9QUq,"Black able strong. Same media view glass. Answer how concern trip.
Southern year budget system letter. News long because run practice. Two newspaper election.",Meet mission claim out off.,Right occur rule. Plan away attention wear. Career music court hope organization down wrong kitchen.,6173,62,50,2001-10-15,13:51:48,1971-04-06 12:34:55,America/Santiago,http://www.vega-mendez.com/,forbes.org,195.204.43.12,162e:5013:ff74:aa4d:7cd4:6071:48bd:7c54,Opera/8.13.(Windows CE; niu-NU) Presto/2.9.165 Version/10.00,b8:4f:6b:84:6f:1d,Lowery-Owens,"Surveyor, insurance",676149151638,05/26,592,-11.305214,-14.649456,DarkRed,#025823,store.avi,wav,True,74222a5a-3d10-4cdb-9404-8bbdf244fabb,cmn,Korea,Guinean franc
Dennis Thomas,"PSC 1740, Box 6415
APO AE 14003",jordanmoore@example.com,297-597-1984,168-73-1630,1958-07-29,21,richardsantiago,)0x^IFQj,"Director new rather strong few.
Quite wait opportunity.
Population there national process help activity cover stuff. Its positive but on rise then star process. Find team why international.",Set three us fish.,Very military pretty prove floor hit. Individual season official song so garden.,581,93,10,1983-05-16,09:34:24,2022-10-13 18:51:13,America/Cancun,http://garza.com/,callahan.com,180.164.169.235,c23d:908d:9c1d:bb8a:b911:1eaa:5cc3:2b3b,Mozilla/5.0 (compatible; MSIE 6.0; Windows 98; Win 9x 4.90; Trident/3.0),c4:e3:09:73:42:64,"Turner, Lucas and Solomon",Contractor,6513583333603340,10/30,686,-5.3506925,-152.587210,SteelBlue,#f89362,first.mp4,mov,True,86d16cd5-8890-425c-8f71-ce573a8c684c,sc,Belize,Jamaican dollar
Stephanie Fletcher,"477 Nicole Green
Lake Theodoretown, NY 93439",mcdonaldcolin@example.com,001-965-654-4576x407,365-82-5986,1944-06-27,80,zjackson,dZx@#8Kg,"Individual realize line employee. Still culture stage role list same ahead. He how it light leg.
Including news seem. Answer laugh simple Mr make simple. Yes phone also environment this.",Strategy nice nice interesting.,Deal play represent crime hear wife. Second poor skill range agency specific song. Country bit star offer skill into to.,7062,5,50,2013-03-03,13:39:57,2005-06-05 08:50:44,America/Pangnirtung,https://king.biz/,lopez-andersen.com,176.121.214.227,e153:30ad:8327:62d8:8a2c:1a99:6504:2760,"Mozilla/5.0 (Windows; U; Windows NT 5.0) AppleWebKit/533.49.4 (KHTML, like Gecko) Version/4.0 Safari/533.49.4",9a:c7:2e:7c:60:42,Ware-Phillips,"Teacher, secondary school",4840008650150062,09/26,6587,2.6311665,-151.449360,LightSteelBlue,#c53a93,purpose.js,tiff,False,295687bc-3d05-4938-b4bb-b5e1f6c69e68,kk,Cuba,Zambian kwacha
