name,address,email,phone_number,ssn,date_of_birth,random_int,user_name,password,text,sentence,paragraph,random_int,random_number,random_element,date,time,date_time,timezone,url,domain_name,ipv4,ipv6,user_agent,mac_address,company,job,credit_card_number,credit_card_expire,credit_card_security_code,latitude,longitude,color_name,hex_color,file_name,file_extension,boolean,uuid4,language_code,country,currency_name
Kevin Vasquez,"0198 Thompson View Suite 984
North Olivia, CO 21304",lukecook@example.org,(413)801-9538,637-14-5970,1983-12-08,5856,jonesnicole,VAV3Whi9R!,"Become education relationship adult begin modern. True left build mouth high budget.
World expert bad herself four. Relationship white hope.",Tell information occur model study power shake hard.,Six member suggest very hospital pay beautiful population. Stop sister police behavior. Black gun weight reveal instead.,5856,3,b,1984-04-14,09:40:54,1977-06-30 00:50:14,Asia/Amman,https://www.nguyen.com/,weaver-wilson.com,170.116.164.111,8b43:b402:b3ac:f248:4f7f:6306:f6b8:c39b,"Mozilla/5.0 (Macintosh; U; PPC Mac OS X 10_6_7) AppleWebKit/536.0 (KHTML, like Gecko) Chrome/55.0.881.0 Safari/536.0",58:cf:01:d1:d6:2d,Ali PLC,"Therapist, art",3505095336829845,01/30,142,13.5452015,-143.654159,LightSteelBlue,#3dce79,control.mp3,tiff,False,5ff53d89-7f13-46b7-9f2e-221f2c0d5f01,ms,Northern Mariana Islands,Lao kip
Joshua Kirk,"0825 Steven Garden Apt. 542
Johnsonberg, CT 51254",lopezmatthew@example.net,277-760-7120x292,445-58-2111,1924-06-22,8867,joseph39,%C5OxwYz#O,"Coach there red. Card front success end total however particular.
Cut than I best. Environmental appear it fact book paper guess. Once both want.",How trade last have TV magazine score.,Outside two leader world project onto. Major carry structure watch less easy.,8867,428546501,a,1987-12-01,22:31:00,2002-12-13 23:45:26,Europe/Minsk,http://www.hernandez.org/,johnson.com,47.223.246.165,6b24:9663:e06c:2477:40ca:a78f:2e4:295f,"Mozilla/5.0 (iPad; CPU iPad OS 3_1_3 like Mac OS X) AppleWebKit/532.0 (KHTML, like Gecko) CriOS/18.0.844.0 Mobile/07D823 Safari/532.0",b4:7a:fd:7a:67:60,Rice Inc,Animal technologist,675978613007,12/33,710,7.5813415,-103.686685,NavajoWhite,#77c5ad,top.avi,json,True,21578189-d480-48a1-b5ae-8725cc7f8115,hsb,Zambia,Sierra Leonean leone
Jacob Brown,"734 Lauren Radial
Mclaughlintown, OH 64483",santoskrystal@example.com,001-214-262-0293x2145,193-12-6639,1969-06-15,675,lori25,*K6Sf^pK2@,"Issue although head president chance morning more. Situation yard security nation sit. Rule no better begin while road she different.
Democratic resource leg whole wall town. Whatever body herself.",Decision into his.,All safe despite among reason turn. Ahead glass station here church house but. Office very series road I recent fall central. Yourself cold thank service since something.,675,838556919,b,1998-04-17,10:49:15,1974-06-18 18:38:05,Europe/Monaco,https://cox-stout.com/,tucker.com,98.60.37.34,81a7:5220:55e2:c9b1:fd95:2ddb:fc46:d93f,Opera/8.25.(Windows NT 10.0; gl-ES) Presto/2.9.190 Version/12.00,46:9e:97:de:25:dc,Clark-Barnes,"Presenter, broadcasting",501806035835,02/31,770,12.3266235,-103.609946,Thistle,#d1f1a4,later.mp3,ods,True,4df4a767-08e4-40e0-9a53-0cf61417bfcb,csb,Palestinian Territory,Sierra Leonean leone
Eric Haney,"83750 Rickey Spurs
Richardsburgh, HI 47371",kelly23@example.net,214-858-8574x973,463-74-8388,1976-03-05,6705,seanburton,p+1OhFN#Np,"Career beautiful daughter process study respond. Front head anyone. Magazine physical thing.
Song door anyone improve dark benefit.",Report way carry.,Simply record side type now deep. What full woman.,6705,1,b,2020-06-03,05:04:27,1999-09-07 08:49:06,Pacific/Port_Moresby,http://www.hernandez.biz/,davis.net,53.6.47.50,b6db:d249:b816:2c38:2ea0:322a:1ca6:754f,Mozilla/5.0 (Macintosh; U; PPC Mac OS X 10_9_1; rv:1.9.3.20) Gecko/2455-11-17 06:20:40 Firefox/3.6.9,34:4e:12:31:e4:68,"Ramos, Williams and Campbell",Professor Emeritus,180096549721470,08/30,374,-30.5616115,-85.740630,AntiqueWhite,#2d7f29,life.jpg,css,True,18e1deb6-e4c5-42bd-8de2-c1f661902d9b,iw,Iran,Indian rupee
Margaret Aguilar,"USNS Miller
FPO AP 42682",omay@example.net,(227)450-4019,255-41-4456,2004-07-04,1067,webbcody,j1QFtWD1^K,Before finish past social as culture list move. Wrong center former hundred what talk certain. Parent support young mother important director arrive.,Cold speak chance report wear order pay.,Field rest approach beat star consider poor. Work left pattern public good personal size. Significant general study he staff. Bed report final pay fact with.,1067,94370,a,2003-08-30,22:27:27,2008-10-07 13:36:42,America/Santo_Domingo,https://www.spencer.org/,powell-acevedo.biz,59.179.171.179,5e5a:4a37:6e84:9cbe:b7b3:fd6e:9ef9:20f1,Opera/8.15.(Windows NT 4.0; et-EE) Presto/2.9.182 Version/12.00,8c:03:89:93:d3:f4,Evans-Dennis,Editorial assistant,3561025840907309,09/27,526,86.1328585,-161.782576,MediumSlateBlue,#7d9995,onto.wav,mp4,True,6e46a0c5-7b55-45b4-b232-09ddadcda724,cs,Micronesia,Mozambican metical
John Lee,"USCGC Herrera
FPO AP 33164",joshua36@example.net,492-646-5114x914,066-59-8085,1920-02-21,66,alanwright,5kIFwI#W)b,"Boy wife realize among name. Simple six nor produce to. Indicate take make kind reflect.
Pattern blue particularly society machine writer today. Difference possible among challenge sea key good open.",Form hand but public without.,Son common leg any form large. Value sister create result officer light. Message under learn low plant.,66,12290302,b,2013-04-20,19:56:03,1999-12-25 12:14:52,Asia/Aqtobe,http://allen.com/,boyer.com,49.61.176.58,786e:359a:1a0d:5d46:7447:54dd:57dd:cec5,"Mozilla/5.0 (Macintosh; PPC Mac OS X 10_6_1 rv:5.0; shs-CA) AppleWebKit/532.31.3 (KHTML, like Gecko) Version/4.1 Safari/532.31.3",02:3e:29:8c:9a:86,Clark-Stevens,"Designer, textile",3562130461184250,04/24,284,-64.085550,-33.596457,LightGray,#a1e722,discover.avi,mp3,False,5cd4ce88-d2a1-43eb-b6a2-a54b4c764f14,si,United States Minor Outlying Islands,Philippine peso
Jared Underwood,"526 Amanda Stravenue
Lake Shannon, MT 98791",jenniferdavies@example.net,863.948.8126,613-68-0014,1939-06-07,6400,graymichael,P@1XwMnAMl,"Get lawyer prevent this color. Per between food too.
Right pull him employee. Wonder power better understand push its.",Say box determine ok.,Street then bed Republican sure western image. Democrat allow truth president. How child administration tonight owner benefit plan. Similar data require word.,6400,34809,c,1989-12-24,14:33:38,2022-03-17 08:34:07,Europe/Podgorica,https://yoder.com/,perez.com,97.227.150.112,1e63:6bef:e72a:a417:36af:7743:c7ad:d873,Mozilla/5.0 (compatible; MSIE 5.0; Windows NT 6.1; Trident/3.1),6e:b3:bd:86:31:4f,"Meyer, Robinson and Lindsey",Equality and diversity officer,4564271764239007,03/26,991,-1.5171455,128.946893,SlateBlue,#6bd983,successful.odp,json,False,bfa30823-041e-494b-9bde-9cf030e6719b,ts,Bhutan,Djiboutian franc
Paul Cisneros,"2682 Moore Estates
Thompsonland, MA 92905",livingstonrebecca@example.net,001-862-880-6123x842,442-19-3647,1928-01-28,2904,bonillatonya,2CXy+W@4!b,"Hotel actually could work wind suggest. Born would they business rate.
Light trial woman line admit. Agent two make give buy parent box.",General whatever class idea happy between issue.,Huge know town executive show professional. System again happen play radio mind Republican take. What produce artist.,2904,34606,c,1986-11-05,10:54:42,2010-08-30 09:35:21,America/Argentina/Catamarca,https://norman-reyes.info/,thompson.com,24.196.209.237,86fc:1c:c112:7571:7ebd:435e:6416:6b15,"Mozilla/5.0 (Macintosh; Intel Mac OS X 10_7_7 rv:2.0; zh-SG) AppleWebKit/531.44.7 (KHTML, like Gecko) Version/4.0.1 Safari/531.44.7",6a:74:81:63:a5:f0,"Garza, White and Erickson","Scientist, physiological",4398374094158731,11/30,867,8.1747865,105.613051,Magenta,#21ebe0,term.avi,mp3,True,78d74264-242c-4d89-8e42-672c4bd1e467,el,Israel,Bahamian dollar
Ashley Castillo,"5057 Christopher Keys
Port Tonyhaven, WI 13201",lori11@example.com,845.467.8641x732,007-42-0675,2018-07-02,706,seth19,7fD3lx)Q!6,It wear into study enjoy particular garden democratic. Among discover condition wall single clearly. Nation cover everything.,Task human against guess poor raise nor.,Challenge bill economy project certainly sea though. Cover sound ball fill dinner her very.,706,7,c,1979-03-02,18:02:15,1972-07-21 01:39:46,Asia/Brunei,https://www.thomas.com/,scott.com,149.211.103.135,3a78:f0c3:71c7:24af:4ae0:f4c4:410b:caa3,Mozilla/5.0 (Android 2.3; Mobile; rv:65.0) Gecko/65.0 Firefox/65.0,ae:4d:68:f0:6c:5c,Williams LLC,Mechanical engineer,30549364005272,05/24,242,50.9915795,-83.096979,Blue,#c61a72,term.flac,gif,False,e37d7f66-9e83-4dab-8cef-208eff65a6e7,shs,Holy See (Vatican City State),Syrian pound
Lisa Gordon,"213 Oneal Station
East Nathan, DE 82962",rachel39@example.com,211.606.6407,346-40-5244,1983-02-16,1533,villegascarla,mmkrgK!i%0,"Walk step wind lose purpose soldier investment. Teach myself without like spring give arm better.
Me carry green bank pressure admit. Single now common performance year newspaper understand.",Go thing serve within dinner bar.,Any impact lawyer behavior fight cover. Decide establish report least interesting TV. Edge despite wrong long fact notice.,1533,8882,b,2020-06-06,16:22:24,2023-12-31 19:29:34,Europe/Belgrade,http://www.jimenez.com/,chambers.com,44.251.9.96,f0dc:73c6:d654:6760:b6d5:f077:4f57:9034,Opera/8.48.(Windows NT 5.0; apn-IN) Presto/2.9.185 Version/11.00,98:9c:7a:6a:c8:c3,Herring Ltd,"Therapist, music",2720775483841518,09/28,610,-77.9742575,73.775317,Magenta,#d6a770,professor.jpeg,txt,False,248adef4-0b87-48dd-8361-fd37963168eb,ak,Kyrgyz Republic,Pound sterling
Sharon Nixon,"PSC 9995, Box 4804
APO AE 24589",chamberssabrina@example.net,471-888-9114,255-17-7131,1982-04-23,8630,crystalglover,(K#9PIla25,Father drive task stand approach fly. Believe side commercial help once us fight kitchen. Develop song explain lead personal blood cover.,Off long third talk.,Better since hotel law chair civil cultural hope. Feel growth rich season clear look. Piece change water pay investment help than. Decide serious citizen have discussion own really.,8630,4879629,c,2005-11-27,19:23:25,1981-01-17 18:25:05,Asia/Baghdad,https://smith-taylor.com/,wallace.com,178.177.37.124,dd7e:db72:ebfd:e653:8a9e:2bc:a8e8:afd0,Mozilla/5.0 (compatible; MSIE 7.0; Windows NT 10.0; Trident/4.1),0e:99:96:ee:97:68,Roth-Cohen,Barista,213103866757904,12/26,025,-62.669662,38.434238,DarkKhaki,#c01fb5,man.jpg,avi,False,06c9643a-00bf-44b1-b640-55792700c5f6,ce,Qatar,Kyrgyzstani som
James Le,"1981 Nina Divide Suite 841
South Joseph, OR 43030",bcarlson@example.net,(888)779-0210x9923,502-52-5709,1968-08-09,3417,belindahoward,_6nDZXTd#7,"Relate prepare far land line. Draw artist subject space system.
Common interesting minute both. Thing important store international. These make consider study pretty create subject.",Dream college company himself.,Final camera clear cover get at. Relationship not authority industry mission single. House wife camera stand law sort section become.,3417,565996908,a,2018-02-15,06:18:24,1970-09-22 10:38:14,Africa/Mbabane,http://www.reed.org/,sandoval.com,115.20.135.74,9b5d:a4f0:a504:2d44:2833:5e35:7aab:f1f2,"Mozilla/5.0 (Macintosh; U; PPC Mac OS X 10_8_0) AppleWebKit/533.0 (KHTML, like Gecko) Chrome/14.0.831.0 Safari/533.0",18:f1:3c:00:0d:96,"Boyer, Santos and Mercado",Purchasing manager,6011154137735998,08/33,933,52.5453405,-173.230546,DarkBlue,#3035c5,fast.js,tiff,True,4657c345-5f69-47eb-90eb-b8481f3f16b5,fil,Peru,Hong Kong dollar
Kenneth Jacobs,"Unit 3792 Box 2234
DPO AE 88972",bartlettchristopher@example.com,+1-291-291-9067x19953,182-30-3327,2023-08-20,6488,kolson,Om*FV0ra#5,"Resource education key room truth. Expert past tax say appear approach vote scientist.
Maintain win fire physical natural. Ready on entire.",Available red onto like various visit.,Choose administration off travel open. Most late family everyone. Reduce rich while would good.,6488,787,b,1979-03-08,23:33:10,1975-03-11 05:10:30,America/Caracas,http://www.olson.com/,jimenez.net,190.92.133.50,c3a6:2096:6972:a867:5fbf:8dd2:f13a:96b8,Mozilla/5.0 (Android 6.0; Mobile; rv:13.0) Gecko/13.0 Firefox/13.0,1a:03:22:58:c8:75,Chandler-Hoffman,Software engineer,3502113762979480,10/33,891,-81.865038,162.268435,Maroon,#a2f200,party.txt,flac,True,5e8751e9-5182-489b-a49f-c1c47f6ab44a,te,Heard Island and McDonald Islands,Special drawing rights
John Morales,"PSC 1276, Box 9105
APO AP 79364",bowmandavid@example.net,+1-524-991-5274x1333,044-07-7377,2024-03-05,1071,cynthia28,+2g8Kbis)+,"Enter teacher consumer party a despite particularly against. Produce art subject kitchen feel.
Wife ability consumer star leave material. Movement per assume to month man mother.",View try head speak space.,Possible single though. Party rather travel guy.,1071,6923098,b,1985-07-12,07:19:22,2012-09-10 17:06:51,Africa/Kampala,http://morgan.com/,leonard-sparks.com,152.105.239.187,e6ac:4206:a0ba:4170:ef7d:6933:5630:4754,"Mozilla/5.0 (Windows; U; Windows NT 6.2) AppleWebKit/535.13.7 (KHTML, like Gecko) Version/5.1 Safari/535.13.7",c4:08:6d:35:1f:db,Odonnell PLC,Electronics engineer,3546864632334904,03/26,869,-14.325056,-7.399760,Bisque,#78e617,finish.html,js,False,9b4dddb0-245b-43b3-b23f-f2406bd5b7b0,tk,Congo,Philippine peso
Paula Moreno,"28923 Hickman Groves
Johnnyview, MO 05348",hugheskimberly@example.org,(486)889-2608x55713,623-51-8029,1968-06-19,9174,daniellarson,+Z0(NsoTF@,"Central require born.
Knowledge boy floor sea agent. Wide why former born plant.
Result issue much. Understand spend sense only.",Finish station might summer hear race administration.,Prevent deal consider television prevent away memory phone. Task lawyer great smile choose character.,9174,14647,c,1975-06-09,00:41:20,2014-03-31 10:55:23,Asia/Colombo,http://whitney.com/,mitchell.com,105.107.101.2,c15:31fb:5b0f:6960:c8db:7781:36c0:41c,Opera/8.59.(X11; Linux i686; as-IN) Presto/2.9.160 Version/12.00,66:a3:43:e4:64:21,Cooke Ltd,"Merchandiser, retail",180077852823541,01/27,402,-78.2607375,-119.664289,WhiteSmoke,#a3ef63,forget.csv,png,True,5914f051-4da6-4ab3-ae76-b03020f764b8,sk,French Southern Territories,Aruban florin
James King,"792 Eric Route
Gonzalezfurt, NM 86483",johnsmith@example.com,(711)516-6696x7277,115-02-2082,1948-12-05,3222,ylewis,NqpT3e1%_0,Administration themselves probably. Back star white ahead.,Move after official picture employee also man among.,Friend card letter yard be.,3222,5204633,a,1982-12-10,12:55:30,2008-08-29 23:39:02,Europe/Brussels,https://www.sanders-gonzales.com/,fields.com,169.100.212.210,dca9:16b8:2cc2:aa4c:26c6:edb0:1d64:6ce6,Mozilla/5.0 (Macintosh; PPC Mac OS X 10_5_5; rv:1.9.3.20) Gecko/9430-03-02 22:22:15 Firefox/12.0,ac:17:c9:a7:f2:5f,Davis Inc,Emergency planning/management officer,213135363680452,11/33,4187,62.5884395,-55.912906,Silver,#c8c392,heart.mov,tiff,True,519d6288-8214-4efa-b02d-ae93054aebfd,sv,France,Swedish krona
Andre Macias,"388 Ashley Point Suite 997
Robertland, MD 50810",ffisher@example.com,001-696-563-1437x44400,173-76-9371,1978-11-07,7444,heather62,)vbU9YcC8h,"Walk husband former nor yet future tax possible. We her until civil specific. Type return magazine read tend analysis understand.
Large radio morning stand door generation.",Party feeling civil.,Into list white. Sport fight fund very case again. Back allow think mind.,7444,3433678,c,1982-07-22,13:20:21,2001-08-16 19:54:37,America/St_Lucia,https://carpenter.com/,miller-sanders.org,219.207.158.5,50ae:13f7:664d:f4b0:332d:da8f:a4f5:9941,"Mozilla/5.0 (Windows; U; Windows 98) AppleWebKit/533.33.4 (KHTML, like Gecko) Version/4.0 Safari/533.33.4",60:76:e3:1b:23:cd,Daniels Inc,Air traffic controller,4170750437442952407,05/32,923,-1.8835555,77.361036,SeaGreen,#a5c4a2,someone.webm,webm,True,8055772b-de50-41cd-9c07-5e6ae3790b74,gu,Pitcairn Islands,Botswana pula
Lee Myers,"969 Laura Streets
Ashleyburgh, VT 34422",timothysmith@example.com,5359717758,037-80-6115,1931-12-11,897,leejoel,T8#TfMmi%1,"You report must sister option. Truth whole bad. Soldier ever happy of nature simple.
Agency bank source these whether. Those nice again part nation section.",Skin effect quite.,Deep find spring day. Check include involve.,897,80250642,a,2005-04-16,18:44:00,1998-01-22 20:22:49,America/Havana,https://www.young.com/,lara.com,47.217.84.49,47cb:a731:2953:4075:bfd3:c341:5a66:23c6,Mozilla/5.0 (compatible; MSIE 9.0; Windows NT 5.2; Trident/5.1),4c:d2:c5:58:11:35,Carney Ltd,Broadcast engineer,4269558093279082562,05/31,782,29.160387,63.716517,BlanchedAlmond,#087dcc,side.bmp,mp4,True,4b0a0b64-57cc-43cf-bdaa-8585fdd43684,fa,Panama,Cuban peso
Brandon Moss,"173 Davis Fort
Jesseberg, IL 08256",daniellesmith@example.com,444-567-3096x98650,224-96-9254,1931-03-10,5492,mark43,R%41V$hwrs,"Still rich many language with. Around pressure drug leave college.
Power take do whole television line read. Cause mind nature exist Mrs north.",Mention improve conference indicate garden forget against.,Same without marriage loss property. Pm professional effort alone.,5492,7,a,1989-04-21,11:22:33,2000-06-28 08:06:01,America/Managua,https://bowen.com/,lawson.com,122.31.225.80,5690:7295:fbb8:6d47:abdf:fa53:fab:99ab,"Mozilla/5.0 (Windows NT 5.01) AppleWebKit/536.2 (KHTML, like Gecko) Chrome/51.0.840.0 Safari/536.2",a6:09:b7:5c:11:a1,Webb Group,Health and safety adviser,3543886895764306,01/29,257,57.840163,145.874068,OrangeRed,#005de0,act.avi,html,False,47f9beb6-7bcd-4215-b58b-f25bd6b08c81,sk,Turkey,Liberian dollar
Wanda Nunez,"Unit 6292 Box 4017
DPO AP 66001",flemingnancy@example.com,329.621.5240,539-76-7008,1969-02-20,8631,melissa60,14xMtWwY*p,Service so chair might company attorney week. Film mouth actually last. Send suddenly bag scene relate even.,Someone able beautiful operation.,Economic game three hair charge two. Policy if remain experience. Seat however sing.,8631,782,a,2012-05-04,04:06:00,1982-02-28 07:38:39,America/St_Kitts,https://manning-rojas.com/,taylor.com,58.84.30.98,b19:5570:ac5c:f8f8:775e:f300:3efa:c811,Opera/9.80.(X11; Linux i686; gez-ER) Presto/2.9.164 Version/10.00,cc:5a:f6:7f:c9:98,"Bennett, Lee and Hardy",Naval architect,377015637015663,06/31,8304,20.2536385,-119.824100,Coral,#58ed17,song.jpeg,mov,False,8b8562f3-6ab5-465c-ab05-a7a93fa91481,de,Djibouti,West African CFA franc
Jacob Davidson,"6865 Cole Prairie
Timothyville, NC 52542",eric72@example.net,743-910-8864,114-18-6196,1941-09-06,521,hardinnichole,3cH9@)@h)!,"Ground quality machine show. Area section appear project big about home.
Drop base concern eight parent door. Walk recognize ago effort article improve. Cultural example five tree play your century.",Hit she eight.,Some very yard blue. Training if believe state response.,521,318838675,a,1989-03-29,22:27:29,1991-09-19 19:20:35,Europe/San_Marino,http://www.wong-schultz.com/,clark.com,72.252.37.125,9b75:a628:7a0e:2246:4ce7:4bed:47e6:e199,"Mozilla/5.0 (Windows; U; Windows NT 5.0) AppleWebKit/533.44.4 (KHTML, like Gecko) Version/5.0.4 Safari/533.44.4",80:a2:c3:c2:7a:f5,"Thomas, Peters and Stone",Jewellery designer,6011056036073225,04/29,164,16.6519665,128.841243,GoldenRod,#aab421,instead.css,odt,True,fefaa075-2875-4cf4-96cc-35e59111aa92,gv,Togo,Georgian lari
Alison Hill,"PSC 3183, Box 1834
APO AA 13257",johngrimes@example.org,+1-402-703-8329,895-50-3552,1930-01-05,245,fuentescrystal,^50C(YrTz&,"Subject million stage college red meet. Lead accept allow natural. Run watch provide soon a kid stage.
Couple score month. Over travel personal arrive ask star country.",Reflect bed many low.,Community leg lot piece process home tax.,245,364,b,1992-01-08,10:37:40,2000-07-14 07:48:21,Africa/Brazzaville,http://brown.com/,weeks-peterson.com,13.95.108.165,a7c9:edeb:a59:c588:3652:42a4:d641:9fe1,Opera/8.40.(X11; Linux x86_64; az-IN) Presto/2.9.182 Version/11.00,4c:16:cc:68:15:b2,James-Morales,Tree surgeon,4661007450455516059,12/27,907,-43.145712,37.349165,MediumSpringGreen,#fc5190,after.js,jpg,True,e8bc4f84-072b-44d6-a5b0-04502976b719,oc,Gibraltar,Pakistani rupee
Michael Velasquez,"263 Aguilar Path
New Carriechester, RI 94885",sean64@example.net,+1-569-943-9902,712-34-9854,2003-02-21,5732,westlori,Vk1Yuqltc#,"Bad it it shake about. Pretty even never civil life receive.
Deal else remain.
Send heavy energy live right. Forget which attorney threat guy enjoy.",Billion once table leave themselves yard floor month.,Even gas camera. Bring him spend ok popular expect police.,5732,96,c,2023-01-24,06:37:36,1998-03-16 17:12:11,Pacific/Palau,https://www.prince-davis.net/,cobb-cabrera.org,29.132.255.25,3a6e:5c65:3fe5:e9b9:38ba:b669:2671:92c5,Mozilla/5.0 (compatible; MSIE 9.0; Windows NT 5.0; Trident/3.1),28:d9:21:04:23:6c,Smith and Sons,Learning mentor,3569871633359584,05/32,632,-33.1893165,-69.567846,Violet,#3da5dd,program.odp,flac,True,629931fa-f47c-4d4c-8484-dae709b7513b,uk,New Zealand,Colombian peso
Jennifer Davis,"623 Jonathan Prairie Suite 863
East Brianna, NH 98826",wendy74@example.net,638-785-2021x60355,035-71-9906,1910-02-09,5073,lowelori,@1DmqRD8!D,"Speech especially maybe. Expect huge catch yard eye manager however. History wear run over.
Likely sometimes save resource voice. At none president beautiful.",Behavior three man reduce often job.,Smile mention low account force across. Best behind about well. Successful fly many summer class.,5073,69051,b,1976-12-24,22:17:56,2007-06-06 10:52:51,Pacific/Funafuti,http://www.ortiz.com/,clark.biz,23.209.110.100,33be:7896:b050:f258:f2d9:cd5e:4b67:7dab,Opera/8.24.(X11; Linux x86_64; sid-ET) Presto/2.9.166 Version/12.00,5c:cb:02:a1:7a:ea,Taylor and Sons,Geographical information systems officer,30246250591255,12/27,861,86.0043555,-153.426585,LightPink,#6855e6,career.jpg,csv,True,3b7dba5f-79b7-48bb-ad3b-3765d5398ac4,my,Belgium,Turkmenistan manat
Lauren Barnes,"4543 Nicole Camp
North David, AZ 12392",frenchbenjamin@example.net,438-993-4859,766-40-3454,1946-01-20,1106,brittany53,+1F76X&Se_,"Stand deep also quickly head include. Old three national huge her form five.
Scientist throughout main little. Certain cut water instead specific manage degree.",Well fish challenge election situation pull again.,Police inside president nor father. Attack in Congress mission song. Happen anything power run floor. Form base child visit onto president.,1106,15753,c,2001-12-14,18:16:26,1978-04-04 03:45:25,Europe/Sarajevo,https://beck-armstrong.com/,smith.com,120.6.211.175,951a:5d42:7eac:7937:2e18:139f:a115:3448,"Mozilla/5.0 (Windows; U; Windows NT 5.0) AppleWebKit/532.21.2 (KHTML, like Gecko) Version/4.0.1 Safari/532.21.2",28:4b:0a:d9:2b:de,"Bell, Garcia and Allen",Hospital doctor,4926292323189122,06/27,963,22.624014,-177.530888,FloralWhite,#064128,size.mp4,webm,False,d07e4103-23a2-49d0-858c-38a860f6da51,en,Nauru,Cape Verdean escudo
Angela Chavez,"9786 Danielle Glens Suite 184
East Michaelberg, NE 95439",danielle40@example.net,+1-618-363-5610x01130,372-85-7035,1964-01-17,2355,shane34,D0mzlNHd+6,"See agreement dog west environment cause. Attention deep exist father usually not public.
State scientist investment then eight.
Throw old grow in yes particular production.",Thus long cultural leg significant peace.,Including tough five. I recent kid such purpose base part yes.,2355,2,c,1980-06-12,01:32:07,1980-11-14 21:41:54,Africa/Maputo,https://www.greer-burch.net/,hines-shepard.com,146.15.191.186,4dd2:246c:a7e9:87c9:43d4:3af5:e7ec:40cb,Mozilla/5.0 (Macintosh; Intel Mac OS X 10_9_5; rv:1.9.3.20) Gecko/2663-10-27 12:28:52 Firefox/3.8,88:2d:9c:aa:c9:bc,Benson Group,Corporate investment banker,6011772899886780,10/33,094,-61.678613,176.984622,DarkKhaki,#f0d53e,of.json,json,True,c1caea4a-e436-4a23-9dae-a38c6da10306,mhr,Indonesia,Iranian rial
Kyle Gibson,"074 Rose Drive
Julieton, NV 06893",rose80@example.net,732.382.6976x43062,816-55-7549,1992-05-08,9474,chelsealawson,WEG8ZkpMD@,Today continue heavy certainly would hospital fire garden. Authority us region ever. Plan know method bag upon for.,Box line after enjoy.,Time behind score describe light sing. Away leader trouble option. Financial town most business then. Mind between blue full main reach.,9474,90,c,1975-05-23,05:35:34,1970-04-27 19:36:48,Africa/Sao_Tome,http://thomas.com/,foster.com,136.6.35.88,f128:4e39:454b:68d0:251b:92df:c9c7:a013,"Mozilla/5.0 (Windows NT 5.01) AppleWebKit/536.1 (KHTML, like Gecko) Chrome/35.0.813.0 Safari/536.1",5a:89:e0:eb:eb:6e,Moore-Cortez,"Horticulturist, commercial",6011034196374584,04/26,358,25.2613565,-63.801419,MediumOrchid,#51b571,lawyer.wav,odt,False,7494726d-8b08-4988-903b-ac5f2523cc13,wae,Bangladesh,North Korean won
Jeremy Flores,"609 Thomas Ferry
Timothychester, MI 87571",cooperanthony@example.com,498-965-6843,311-77-1976,1978-01-03,6853,barrylee,gp5YBaNFJ(,"Project religious firm figure indeed seat physical identify.
Country wife research dog. Know service game.",Sell personal role onto why carry.,Happen commercial home. Point year practice our season.,6853,148940,c,1991-04-16,12:00:37,1991-05-03 22:10:35,Pacific/Kiritimati,http://www.anderson.org/,gilbert.biz,47.54.125.41,4071:a7c6:41a8:54e6:751e:bdcd:c6a7:d0ea,Opera/8.86.(X11; Linux i686; te-IN) Presto/2.9.178 Version/10.00,86:32:b6:73:32:f8,Little PLC,Chartered public finance accountant,4549849370431293657,09/28,356,43.2188825,20.231818,Cornsilk,#02a855,site.avi,doc,False,ce8a3613-2d40-4dbc-afba-ecd0882d5c07,is,Central African Republic,Omani rial
Robert Bowers,"5478 Stewart Rue
North Anthonyberg, SD 19359",youngeric@example.org,+1-664-439-9683x20214,087-66-4454,1915-08-31,9196,dsmall,Oc+1ZT4qAb,"Have hot life enter. Do mother test even place up. As only much they.
Rule others include mission change mention arm. Investment simply senior score carry military soldier. East yeah establish study.",Help training month.,Sign local adult billion threat. Course section even ground.,9196,499519,c,1971-12-24,18:16:36,2006-04-19 23:07:55,Asia/Qatar,https://www.smith-stewart.com/,cohen.info,70.42.216.146,6bcf:3770:9ac1:c2b:ab36:26b9:c464:836d,Mozilla/5.0 (Macintosh; Intel Mac OS X 10_6_5; rv:1.9.3.20) Gecko/3679-09-26 17:22:57 Firefox/3.6.18,80:0c:56:4b:52:c1,Robinson-Ellis,"Designer, television/film set",4446492284755108,05/29,251,-82.760310,-56.133957,DarkViolet,#305e52,middle.bmp,flac,True,80192a47-eba5-43a9-a9b4-a1371abdff04,apn,Uruguay,Swazi lilangeni
Mary Kerr,"4013 Christensen Springs Apt. 663
North Pamelachester, MD 12965",robertsmith@example.com,(373)330-1520x1933,841-65-7261,1940-09-14,4143,johnferguson,++a6uZRW_n,Someone reach mission here guy future certain fund. Feel them send field election. Second couple national collection real month. Hair again area of.,Necessary parent number management deal sport.,Truth tough allow station. Work new vote animal left. Strategy then allow article kid owner herself.,4143,42024850,a,2019-02-06,19:25:38,1974-03-25 10:59:23,Asia/Dubai,https://www.jones-riley.com/,smith.com,134.97.148.186,64c3:6024:8196:43b2:c15:a338:7974:200,"Mozilla/5.0 (Windows NT 4.0) AppleWebKit/536.1 (KHTML, like Gecko) Chrome/42.0.834.0 Safari/536.1",22:74:04:b3:33:56,Holt and Sons,"Designer, furniture",373486163180904,09/28,127,55.0731615,158.764972,Lime,#492746,left.avi,jpeg,False,3b775be5-cf7d-4d0b-a1ca-69f36dc71d03,ce,Kuwait,Liberian dollar
Kevin Wilson,"26369 Salinas Hollow
Walkerfort, GU 93374",kjackson@example.com,4968318477,213-03-6869,1986-12-23,3643,angela03,lkuWt#s1$9,Talk west anyone popular. Process process the development choose mother. Country half power officer production.,This form prevent across watch how hand.,Special deep camera model foot. Why nothing door west. Clear offer simply sell own especially likely individual.,3643,78918641,b,2016-05-25,20:05:27,2012-09-14 19:19:11,America/Nassau,https://campbell.com/,kennedy-nash.com,105.250.173.131,38df:b7fa:cc38:28c8:bab8:30c3:93fe:5d68,"Mozilla/5.0 (iPod; U; CPU iPhone OS 4_3 like Mac OS X; ti-ET) AppleWebKit/532.12.4 (KHTML, like Gecko) Version/3.0.5 Mobile/8B117 Safari/6532.12.4",78:1f:3e:9a:5c:5f,Sherman-Miller,Analytical chemist,4128061790406765955,01/32,870,-70.8916835,163.889659,SaddleBrown,#63b73a,trouble.wav,webm,False,554b24ba-d2a3-44c0-9aa1-73708ac77e33,pl,South Africa,Paraguayan guarani
Lauren Gibson,"5337 Jason Island
New Charlesstad, ID 14033",bridgetjohnson@example.com,(535)325-1732x85752,754-81-0093,1931-10-10,9709,whitefrederick,QrW5Hb&W*M,"Firm picture office.
Eat early catch several change fly past instead. Perhaps religious measure just resource. Person what specific.",Feeling concern seat those energy I reason.,No hear let us group democratic. During let try example. War dark music station conference. Keep yeah east rather mind.,9709,203357571,a,2002-07-07,16:20:19,2021-08-10 01:22:26,Europe/Istanbul,http://www.bolton.org/,pugh.com,107.211.87.233,44d5:36fc:a654:c5d4:a3c4:80dc:d568:d8b,Opera/9.12.(Windows NT 6.0; vi-VN) Presto/2.9.173 Version/10.00,10:e3:8e:65:71:ae,Garcia-Lynn,Wellsite geologist,4663538632218,08/33,839,65.5531975,22.552138,Lime,#d9d4a6,own.mp4,json,True,27853e3a-d62b-4797-9548-f822284a597b,bhb,Algeria,Israeli new shekel
Karen Mitchell,"5652 Paul Tunnel
Edwinburgh, MD 44225",yjohnson@example.net,+1-836-551-0383,064-46-8683,1939-07-20,9524,ppierce,DFFjA1mzj+,"Professional page item baby western sport for. Religious trip him onto with suggest wrong three. As tough fight still require white.
Nature ago wait billion. Southern reason prevent.",Class think travel others.,Back necessary hotel training spring fire father. Star market address senior analysis half.,9524,18,c,1977-01-24,13:31:13,2009-05-02 21:48:57,America/Panama,https://www.robinson.info/,nelson-white.biz,24.195.158.66,36a0:1a96:f156:3f88:8544:90f7:fc02:b53e,Mozilla/5.0 (Android 4.2.1; Mobile; rv:44.0) Gecko/44.0 Firefox/44.0,42:38:c6:a4:62:be,Davis Ltd,"Social research officer, government",370399271708271,03/34,002,-31.017778,-39.693207,HoneyDew,#21e554,seem.js,jpg,True,8444e73b-a1d7-4978-be5b-74879da880db,raj,Korea,Brazilian real
Lindsey Murphy,"9481 Edward Manor
Mullinsside, AS 96352",whitakerjulie@example.org,(377)671-3214x083,412-74-8037,1965-05-07,5189,ccross,hMTRl%lp)2,Go black decision say against. Law large hear year. Either such baby. Employee put still music early.,Sure director have owner world factor street.,Create both another set. Later why program hold boy physical film. Control argue science president.,5189,430,c,1977-05-30,05:51:00,1972-03-22 12:06:01,Europe/Zurich,http://james.info/,campbell-shannon.com,12.20.57.39,b1c6:2443:e8da:cc85:f3c4:13c9:5eaf:d857,"Mozilla/5.0 (iPad; CPU iPad OS 9_3_5 like Mac OS X) AppleWebKit/531.1 (KHTML, like Gecko) FxiOS/14.5q2757.0 Mobile/13W908 Safari/531.1",aa:e2:c1:63:31:95,"Wilkinson, Matthews and Miller","Producer, radio",30167234419258,09/27,232,-56.3764315,18.438803,Chocolate,#21f878,across.gif,ods,True,8ac1eeb4-e649-4eaa-8ff0-8a2a2f6f97db,ha,Malaysia,Belarusian ruble
Mr. William Calderon Jr.,"USNV Smith
FPO AP 46458",savannah05@example.org,(569)363-2103x78369,813-01-2112,1994-08-17,9115,david35,&V^6POm@wU,Artist no approach heavy walk. Many level mean step model certainly. Trade out exactly.,Consumer charge laugh purpose.,Important less may movement. Group style research.,9115,728949,c,1996-05-14,05:15:08,1973-10-08 01:41:55,America/Merida,https://www.smith-hall.org/,smith.com,218.122.18.247,29bf:1588:ef64:9f2c:8636:adb4:f2d1:440a,"Mozilla/5.0 (Windows; U; Windows NT 6.2) AppleWebKit/531.33.3 (KHTML, like Gecko) Version/4.1 Safari/531.33.3",46:09:0b:7f:88:77,Mitchell Inc,Commercial/residential surveyor,370728603336593,09/26,033,12.245201,-133.369838,Indigo,#a544fe,space.tiff,csv,True,725aa4c4-7dff-49b7-a383-0b8f51a0b59e,cv,China,Central African CFA franc
Mariah Fleming,"685 Martin Land Suite 847
South Ginaland, NV 29064",jacquelinewade@example.net,(376)736-6578x457,490-13-9775,1928-04-18,1745,mcgeestephen,UT3(2ZEvix,"Group guess real industry voice doctor. Industry least choice language certainly front staff yourself. Region charge keep food.
Garden stage any strong discover there.",Pass series book family money here suddenly.,Condition art voice moment. Big senior reality actually high program. Size often soldier happen.,1745,77054,a,1981-11-07,11:32:36,1988-08-12 13:28:40,Pacific/Tongatapu,http://johnson.com/,gibson-robinson.com,57.135.82.185,74c:d7c6:aa9:9268:65ae:8e8:76be:b79,Mozilla/5.0 (compatible; MSIE 8.0; Windows 98; Win 9x 4.90; Trident/3.1),4e:62:bd:fa:2a:a2,Oliver PLC,Solicitor,4811739260993708,02/30,5095,-62.3754365,-176.277208,DimGray,#ba068b,appear.tiff,mp3,False,cc61f7c3-fde1-40d1-992e-142a124be3e5,am,Japan,Moroccan dirham
Robert Ramirez,"PSC 6521, Box 6437
APO AE 13290",maryhill@example.com,361.774.7377x33172,503-73-8031,1966-06-11,4929,reedjoseph,VS9PmZW@O!,Plan almost able grow ahead executive across. Film reach stay citizen opportunity work. System strong industry shake.,Authority test oil television surface next.,Same industry source mention sometimes writer. Pay reality year Republican only quality.,4929,79898103,b,2017-09-27,23:41:42,1971-11-05 20:02:50,Africa/Nouakchott,https://www.clark.net/,miller.org,146.131.213.251,c5a6:86fe:b0dc:f52:f4b8:2621:36bd:4322,"Mozilla/5.0 (Macintosh; U; PPC Mac OS X 10_6_7) AppleWebKit/536.2 (KHTML, like Gecko) Chrome/58.0.820.0 Safari/536.2",b0:35:b9:54:14:a3,Anderson Ltd,Actuary,4189128574893586,04/29,373,87.6479325,152.873682,DarkSeaGreen,#a99568,arrive.bmp,mov,False,f5b87833-8bf9-4dbf-a64d-539d4607d30d,ru,Congo,Uzbekistani so ªm
Christopher Meadows,"999 Laurie Trafficway
Brownfort, MP 53523",tracymccullough@example.net,665-317-2573x7082,376-85-5241,1929-10-11,839,bruceguerrero,MTFu7xTtl&,"Either democratic enter. Common stage baby inside doctor experience reality. Matter land heavy feel.
Yet clearly risk daughter recent already. Wear seat chance issue reach especially.",Suddenly budget approach play hear option.,Despite when task yes say me prove its. Well act instead society. Significant situation all rate. Friend finally during none.,839,6227248,a,2002-07-29,16:04:43,2009-02-19 17:10:29,Africa/Kigali,http://lopez.net/,mata.net,199.49.198.249,1494:b923:7342:ec55:b731:d87b:674f:21c1,"Mozilla/5.0 (Windows; U; Windows 98) AppleWebKit/532.47.4 (KHTML, like Gecko) Version/4.0.3 Safari/532.47.4",c2:70:f9:86:1c:da,"Hansen, Larsen and Stevens",Research scientist (medical),3553471450129653,12/26,274,-67.760629,141.302758,Chocolate,#15ae5e,hard.jpeg,js,True,f3f4064f-3e76-462a-99c6-4db85e517cb2,szl,Mongolia,Namibian dollar
Kathryn Cabrera,"5757 Burton Passage Apt. 859
Herrerahaven, OH 76936",wilsonchristy@example.net,001-762-466-3123x3025,246-47-6940,1975-11-12,8341,zvincent,(+k&KeHmL1,Enough pattern believe prevent offer tax table us. Character do political debate Mr. Former attention accept notice.,Cause building theory black Mrs record.,Moment billion feel perhaps series. Alone range truth understand those enjoy.,8341,4630278,b,1987-03-14,01:43:35,2015-01-19 10:11:08,Europe/Andorra,http://padilla.biz/,mendez.org,120.224.255.220,60af:1eba:bd58:a828:a1f1:4aee:4428:1401,Mozilla/5.0 (Android 2.2.2; Mobile; rv:47.0) Gecko/47.0 Firefox/47.0,08:3b:70:60:e0:b8,"Deleon, Walker and Thompson","Surveyor, building",180076607233816,03/28,415,52.5994015,-161.104352,LemonChiffon,#8d88d0,thing.css,xlsx,False,077c90b7-6b72-4a00-9881-0b7c45f41d88,te,Finland,Thai baht
Lauren Rojas,"70534 Kevin Tunnel
Pettyshire, ME 87313",hughesmelissa@example.com,(305)394-2889x06578,266-97-8602,1924-09-20,7578,tfox,p9%83F^rLt,Part rest outside approach color growth show. Hospital school realize remain. Three serve parent market huge remain benefit top.,Region hope admit clearly sort commercial happy.,Sell eat strategy minute wide toward research pass. Various company debate end loss.,7578,758,c,2007-08-19,19:43:31,1975-09-07 21:07:16,Africa/Niamey,https://www.clark.net/,green.info,90.63.163.201,a5d:62e0:9b74:30fe:6e80:866d:ec1d:6eb7,Mozilla/5.0 (compatible; MSIE 5.0; Windows 98; Trident/5.0),96:fe:6d:b8:92:05,Elliott LLC,Insurance claims handler,4440949947018,12/26,487,-88.521894,-80.793527,NavajoWhite,#94c540,discussion.mp4,json,False,b9383f89-a4ad-4123-9ef8-57268ca45327,unm,France,Ukrainian hryvnia
Heather Bell,"USS Baker
FPO AA 65924",erikalane@example.org,6289747094,578-44-0306,2009-10-04,6364,brucejennifer,oKcV6QfxX%,"Consumer difference low now.
Reach tonight car sure. Send future ok. Perform cause drive civil town. Along lead establish understand.",Open appear by suddenly source candidate music.,Catch mouth light part heart get. Environment successful main some eat state help.,6364,967,b,2014-03-27,23:39:45,2001-07-03 17:42:51,Africa/Lubumbashi,http://diaz-mitchell.org/,garcia.com,36.83.30.17,34db:fa77:b572:8cca:77f3:676:3f23:4b,Opera/9.31.(Windows 95; ml-IN) Presto/2.9.177 Version/11.00,7c:c8:5c:64:a8:a1,"Ford, Fowler and Cruz",Professor Emeritus,4473691854268592,12/28,382,-9.415743,49.299770,Wheat,#9f7211,bad.numbers,png,False,c3764212-4fc8-4685-8e35-ffc440d26e80,tn,Burundi,Manx pound
Christopher Hill,"5975 Michael Well Apt. 640
Millerbury, IL 20528",chall@example.org,283.591.6041x356,517-49-3987,2015-11-22,5243,scurtis,d#%9TfPDbv,"Open middle from. Perform investment race author age everything hear.
Option full sport maybe several bank success. Believe per nice others.",Conference individual finish least arrive play.,Leave body trade blood light. Rock month firm about number. Raise class remember decision situation try.,5243,7728,c,2009-05-17,00:30:59,2016-08-22 08:44:08,Pacific/Ponape,http://www.hines.com/,long.com,57.9.101.47,77f5:a2af:8221:98c8:bf0d:e6a6:b8ae:6939,Mozilla/5.0 (Android 1.1; Mobile; rv:19.0) Gecko/19.0 Firefox/19.0,98:f2:c0:f9:e1:51,Reynolds-Washington,"Accountant, chartered certified",4770810368816628767,06/31,078,-58.839663,100.890509,HoneyDew,#d64311,eat.docx,webm,True,919a3ebb-5547-4295-bd54-a2decba37b70,cs,Monaco,Afghan afghani
Kevin Johnson,"9534 Daniel View Suite 304
Fordton, MH 02183",gabrielpowell@example.org,+1-265-969-7562x36412,548-67-2427,1934-11-04,2686,carlos18,SnoNJrpI#8,"Sit lead democratic side thing. Compare girl stay study reveal surface. Set majority those news sport race if food.
Produce the clear. Wrong well mean. Worry practice speak here Mrs agree.",Center know sell even attorney decide language.,Dinner avoid report official.,2686,94631459,b,1983-12-15,21:12:23,2008-12-08 18:44:56,Asia/Damascus,https://martinez.com/,white-trujillo.net,157.151.121.108,8ca:8c55:d376:891c:524a:8854:9fc5:58ef,Mozilla/5.0 (compatible; MSIE 5.0; Windows NT 5.0; Trident/5.0),82:c5:81:1b:74:87,"Mueller, Williams and Flores",Cabin crew,4575945062526,03/30,976,-48.982587,-142.659743,DarkBlue,#d40a8c,stock.pages,flac,False,6c41bb03-a2cb-424a-91ce-47af502c2dde,sd,Panama,Pound sterling
Dennis Patton,"424 Adams Harbor
North Michele, NV 18233",james89@example.com,511-632-1173,092-12-8160,1949-06-07,8891,wisejames,#0CZyC_l_9,"Tree staff sister stuff beyond stage sister.
Address water little capital receive decade. Risk think class from. Begin news get because break.",Special various company should significant water.,Population step firm the. Always later stage task energy design do.,8891,842836953,b,2015-06-25,03:07:27,2007-09-20 03:22:27,Europe/Zagreb,https://www.nelson.com/,prince-miller.com,135.208.197.169,956d:9f8c:f3dd:bf84:2aa9:526a:95fe:a013,Mozilla/5.0 (X11; Linux x86_64; rv:1.9.7.20) Gecko/3510-12-11 01:31:13 Firefox/15.0,30:c7:02:bc:fd:a4,Mckay Inc,Associate Professor,213175577961603,03/28,637,78.4583235,-4.703424,Olive,#9ce6b3,moment.bmp,html,True,867b6c6e-4843-4c31-9a76-5a522352dc03,lzh,American Samoa,Kenyan shilling
Mark Smith,"2709 Sarah Roads
Port Tammy, NE 00889",christinajenkins@example.org,001-386-345-0522x938,106-92-6517,1990-01-28,5007,phernandez,%0kOJ2Iuaa,"Serious employee easy final. Same trade of skin born station out.
Laugh sport sea police. Gas energy program finally east tax. Bed true happen name provide.
Include Democrat case.",Marriage according member sometimes you his think.,You house present include. Next back board year system national rise. National just study skin learn good nature.,5007,10,c,1974-12-20,02:45:20,2014-04-14 08:03:16,America/Argentina/Tucuman,http://cruz-alvarado.biz/,kim-martinez.com,207.7.169.95,7df0:2371:456f:6889:c8e4:f12d:65ce:e0e9,"Mozilla/5.0 (Macintosh; PPC Mac OS X 10_6_3 rv:6.0; raj-IN) AppleWebKit/534.43.1 (KHTML, like Gecko) Version/4.1 Safari/534.43.1",50:11:e1:0e:7c:ec,"Cooley, Gray and Chung","Exhibitions officer, museum/gallery",4235657901772521,04/27,889,18.1492225,-168.253760,Gainsboro,#d35fa7,music.mov,gif,False,54f9008e-7c2c-40ef-a3a3-0060e6135c49,tr,Ireland,Ethiopian birr
Brian Rose,"1990 Bradley Manor
Port Stephanie, LA 74746",jonathanweber@example.com,001-717-839-6516x23447,141-31-0912,2001-07-05,8616,michaelevans,g5GQli%P@N,"Bar simple military miss. Paper provide with risk federal later form.
Garden social affect industry. Nor during check thus. Clear activity shake friend.",Respond dark according compare parent heavy heavy.,Lay end trial. Girl can beautiful pull. Action see career seat sister feel.,8616,905103,c,2007-01-11,18:45:50,1978-09-13 02:54:53,Africa/Blantyre,https://hill.com/,miller-lambert.org,109.247.124.14,7ca7:9eec:4a00:fe1d:9314:cb90:a02e:7841,"Mozilla/5.0 (X11; Linux x86_64) AppleWebKit/534.0 (KHTML, like Gecko) Chrome/57.0.898.0 Safari/534.0",8c:d9:68:c4:b9:b8,"Rodriguez, Foster and Brown","Engineer, chemical",4195920540291461,07/26,589,-63.913380,0.140264,CadetBlue,#b3fc75,world.jpeg,mp4,False,4b601605-cd85-4957-8755-6eac9c6d526b,ms,Saint Helena,South African rand
Louis Davis,"23782 Erin Rest
South Josephview, AL 16279",cclark@example.org,001-630-601-6781x521,147-01-4345,2002-12-12,9366,powerstonya,y8nC3A2W^8,Next cold eye two hope across discover. Market debate others arrive career. View several house truth authority five better. Party tree small wait night control ready receive.,Against task effort add fill letter increase.,Street draw reduce ask although. History spring few mean themselves mother easy.,9366,595028331,b,1983-08-08,23:10:41,2023-10-05 16:44:36,Africa/Casablanca,http://www.caldwell-williams.com/,martin-kelly.com,192.241.234.89,8cb1:d760:24a8:19e2:20e8:2900:7e59:76a9,Mozilla/5.0 (compatible; MSIE 8.0; Windows 98; Win 9x 4.90; Trident/5.1),46:bb:30:e7:34:27,"Stephens, White and Mejia",Farm manager,6512142743841130,06/33,025,17.132830,-129.679951,Black,#b7ef23,tell.html,odt,False,ffbd7d20-ba93-4702-98a0-d1e760018b9a,ne,Antigua and Barbuda,Bosnia and Herzegovina convertible mark
James Mcpherson,"24553 Houston Center
Elijahport, ID 40359",richardnixon@example.net,2827836718,142-48-6875,1923-12-31,4156,robertallen,7zOyFdt!)v,"Probably bank own not. Actually carry our traditional western represent. Court whose truth fast.
Ever red various cost soldier. In choose among now step.",Debate information continue food.,Section big three. Concern beat hard consider.,4156,79076007,b,1987-11-15,02:46:22,2007-08-18 00:49:14,America/Dominica,https://thomas.info/,morris.com,193.204.125.160,b2d7:6bcb:6d66:b32e:3ca2:9cb6:4d9f:ac1,Opera/9.85.(Windows NT 5.01; bhb-IN) Presto/2.9.184 Version/10.00,ea:cd:4d:c9:a5:f1,"Ellis, Church and Lucas",Paediatric nurse,3523799016164575,08/26,563,-85.963891,33.880697,Beige,#c7440b,wish.key,doc,False,7261b8d1-b75e-4bd4-8632-7a6e61f2456d,ber,Saudi Arabia,Barbadian dollar
Matthew Martinez,"55062 Angela Square
South Laurachester, TX 91299",jamescontreras@example.com,752.421.7890,800-54-1972,1963-10-05,9927,nathaniel62,)nqDi4Va8%,"Despite through catch.
Audience remember relationship. Scientist smile lay. Part series whatever show military late simply.",Consider air simply meet morning.,Boy perhaps happy seek design up.,9927,5,c,2003-01-03,16:39:25,1973-01-17 12:29:28,America/Santiago,https://smith-ward.org/,long.biz,178.187.110.3,2abb:94b4:d2da:8181:93a3:c2f3:34ac:c803,Opera/8.39.(X11; Linux x86_64; iw-IL) Presto/2.9.189 Version/10.00,1a:0c:01:93:47:b5,"Pearson, Aguirre and Williams","Teacher, music",4213508782948,02/30,437,79.4900225,-17.937144,PaleGreen,#b3ff39,head.flac,mp4,False,817f5946-5b38-484d-b6b3-660992215f17,ku,United States of America,New Taiwan dollar
Sharon Miller,"18893 Leslie Roads
Kylefurt, MS 45448",garrett33@example.net,+1-607-664-5177x30488,236-16-7832,1979-10-11,9396,brownerika,(UCo!3X50m,Trial although help stage. Expect easy close present my. Surface guy outside consumer knowledge likely. Who simple whatever final once.,Subject large memory public seven help.,Marriage media country gun accept. Especially subject group customer. Car cost interview adult else behind.,9396,6335,a,1997-04-09,07:59:03,1971-06-02 16:07:13,America/Bogota,https://vang.com/,turner.com,13.149.223.82,5e66:34af:239b:810a:96b1:e37:5df8:91c0,Mozilla/5.0 (Android 4.4.1; Mobile; rv:46.0) Gecko/46.0 Firefox/46.0,ee:e4:df:17:23:1a,"Contreras, Harris and Patterson","Designer, television/film set",4656968614380303449,08/33,347,-50.044438,146.460820,DimGray,#51a24f,action.xls,mp4,False,97c17e1b-862a-4169-b13a-e6a82257a1bc,ar,Bahamas,Turkish lira
